805461d6ed12d964933c73b6c94d4bf6e64a272d2cc7b85592ba9474914a329d, 80da3d512c17287e6ec3667d0248ced0e9cf1124a46d49fd5447efd20d7ee440, 807a9ee2dedb827adf1caebf33b7471f27abd40028bf2699cf151ca90023b41a, 80cba00edcf32c33c93c89dc26142885baec3bae77874c69a0415e5b5db653b8, 802aae585a3115e57b6a1374f14ae2a8573667c79c47490a9570cb7f67c63a5e, 80520e6eedbe6a2ac52d722f194755b745cc204234522b136e8297dabadbedd0, 8056f1aaaa9bd1d38e65523796629711d1b64347f31ca47ba437667182cb83f7, 80f1b027111b8edf953499be5b3c0ca3856d0ae99e583406c810b4d9bf8025f5, 80db979c8938c5adbbca1bf9310a0bfd46891eca00b167568259029c7876017d
80ae50ae3d382463f986283fb586222cf640b9a9871e6d86c970ec915e40ac0b, 80da3d512c17287e6ec3667d0248ced0e9cf1124a46d49fd5447efd20d7ee440, 80fd36cfa8ed966ff0dff66f3d3f56612e42ebd7532586a3629ae7dd02ddec2b, 80c739685e8a64955845e4d97a9a786c482c60ce169eaa3f8e510d0cc824b438, 80b559b157fcd3253a0bceb484ef66c7be0bba723dee6284c7e2570aee94aa63, 80ced6ea5d3587ebdaa51e379626430d51c3d8c222336164f38a77b0a54fd591, 8013611064efab410653f7760cb68b4be8c7ad4194830e722b23a35fd35c6eb5, 809ff0aa296e44ecd5a61ff351cac1031a36f7947d56ae5d2a56be1148825198, 804966d6a2b65fe536e1442b4014c10495da8d375ad368da20a901d77cca3774
80f91f00d936df642b09b014ca1a4e16907dc0614d2f06c01d5406fa448d29ff, 80da3d512c17287e6ec3667d0248ced0e9cf1124a46d49fd5447efd20d7ee440, 80b7219000eefc412deb295259272ca5c48ba902ce5fd1baac7c018d9cd35650, 80b156c06ed419e7f16370ef1d3d2b18bb8762eb3174c0712d8389fbf92a318e, 808327b32d64c3ca764ff826075c017bd45356d9d5d5206a41c405407a32b875, 80a8a2b53814ca6cb5c2ebea45b5c7959229dc1547f9844b6f1c227fc1c3bd80, 80a826aaf65edd59c9afa76206d82552867356d939116819670b65f86cdd82a7, 80b370e12d60e43c8f0df0f40943c41fb95d64cc69efa5700bfc9dfef18e9978, 80db979c8938c5adbbca1bf9310a0bfd46891eca00b167568259029c7876017d
80b2993aab3d9ab493bca8aad09f95955d64cd8948f37afc9638f8604aea86c3, 80da3d512c17287e6ec3667d0248ced0e9cf1124a46d49fd5447efd20d7ee440, 80bb5f00dd3dbf4300bdde4f17c4c090b11870d9a50e2bfde9347cf8053c68b5, 80a6c0f532a28eed81748d3f4515ac4210bb339ea6e62c5b9f32bb7092aae6c0, 807e57e83557a11cfecb87e4f0fb98aa622da9979ca2e1065cf83911bb4d01e8, 8056f1aaaa9bd1d38e65523796629711d1b64347f31ca47ba437667182cb83f7, 80f1b027111b8edf953499be5b3c0ca3856d0ae99e583406c810b4d9bf8025f5, 80e2da1d92fe71211e40361ff84ba644252143b85670273e37b0b5b8ba95d393, 803ff9ea618d3bfbad21ebb94a36e15dcabbaec4357a09fcf6a39d0637428655
80e365df9d0ddeff8f1388800633cd5cfd742f311e145cbecd979c8bd741bc15, 80da3d512c17287e6ec3667d0248ced0e9cf1124a46d49fd5447efd20d7ee440, 80041eeed41ab4e7d597321769d3a61448e178b7961ee0319b163f606ec886c1, 8061630c319efd414b4dd38b5eff44107a9caedacf00553cd4c9b05e0cd5f080, 8021157fca1eac32cad60e2dad8af70b3fe53c476bef53d5f7e11ad01a28d5fd, 801ed24acd982b6d120a6fd7e8a9987679da4b58c743e22f0f27bd3dd00343c9, 80ee3667ac8dc99ae523815ca9854005c8d8a1ccd7741d432e6ef54239826953, 80520e6eedbe6a2ac52d722f194755b745cc204234522b136e8297dabadbedd0, 80e49dd2d08b5a6c2544a90e2a5df80b17697107bfb59d64fbf74adf08da5b4a
80276e0339bd1fa6c3d64f37e5f7f6289f573a6eee0e41cba37b2ab2890a4aa9, 80da3d512c17287e6ec3667d0248ced0e9cf1124a46d49fd5447efd20d7ee440, 80608a9390202a805a20cee8bc8ade95cd6bebd94831d23eab04660d685995b4, 8088f36146cbabd8b717c2b11bb86c29c5714c16141ce9176a2db6026d28a867, 80a51227317f965051b15de4fbd27815878b01fb7382abdd19b751c8046870e5, 8005dfb3469a348ea093a95f622271c63c902d3720989b4584a191144f19ec55, 80bf0dad09b333c4f333fc4ed9cff943d776a5b381bc0d271f3f0391af6af504, 80b5978dd8195940dae2e04e6d5f3ed7e53c787aa34b41176ef7e267a9039aee, 806900fb3e99e7e01d3f73bc1cd0d2372214e6c1e776b37e30e785a5919693d4
8098aa31c2024edb831ef96780b29e63c8dfa15265f5a605a65c90cd41c57b9c, 80da3d512c17287e6ec3667d0248ced0e9cf1124a46d49fd5447efd20d7ee440, 801ed24acd982b6d120a6fd7e8a9987679da4b58c743e22f0f27bd3dd00343c9, 80267238192bdd6c25433d35b0594b930646e6a929845cbd3ec2863c0a51efd7, 8005dfb3469a348ea093a95f622271c63c902d3720989b4584a191144f19ec55, 807e57e83557a11cfecb87e4f0fb98aa622da9979ca2e1065cf83911bb4d01e8, 8093481fdf2aa38ad392cdec85e79a969650c4eeada08dc31faa8e24db0ebfe9, 804399c82973abcc6706a9c0545a1cd001dd2318303ef9b05ac3ce050d6c42c5, 807c79df9bf47b21e609bd930291be0d77aafa161cf3d88504840829bc89697e
80c00a6694139c6119c298004265917c20894de86a10e37a69f7179df02ad95f, 80da3d512c17287e6ec3667d0248ced0e9cf1124a46d49fd5447efd20d7ee440, 80b559b157fcd3253a0bceb484ef66c7be0bba723dee6284c7e2570aee94aa63, 807a9ee2dedb827adf1caebf33b7471f27abd40028bf2699cf151ca90023b41a, 809c25b736b50806567d6d133558b113eea93bd47303cfacde27d2bb304ab318, 80bcfbfa6c89f441c7f46edde44f0a89e197f874331e2cb6e0c9df2e90175202, 801ed24acd982b6d120a6fd7e8a9987679da4b58c743e22f0f27bd3dd00343c9, 80d3bbc48820c0447ca75d0f14bdb4dabc6f24b61015a26f38588965c964972b, 80eb92704589ab9a988e953f8d310367fa75981c54421ba637311537aeedb317
808b642281362f8d3366062c62b1109bb3ceb0e573dcf1433f46536d5af84edd, 80da3d512c17287e6ec3667d0248ced0e9cf1124a46d49fd5447efd20d7ee440, 80b559b157fcd3253a0bceb484ef66c7be0bba723dee6284c7e2570aee94aa63, 8061630c319efd414b4dd38b5eff44107a9caedacf00553cd4c9b05e0cd5f080, 800dd4461e85ca4117370f7bed0322e881f4d7cb475d89c3b5ecaca73b551265, 80520e6eedbe6a2ac52d722f194755b745cc204234522b136e8297dabadbedd0, 80046712ef92840c4e48ce80e20a354db363d544d0b3864444e003302033d90c, 802ed0a85bdeb87887b0f720d6323446cb3c06e7a70b7801bb28b52a7a7e7116, 8022256b784037950487b5e69d73c4a18e03aeaa1de20d01f066af4da1942b5f
804a22b91992dbd3223f4ed4ecd83d6286e79768583275888132c66430a753d6, 80da3d512c17287e6ec3667d0248ced0e9cf1124a46d49fd5447efd20d7ee440, 80041eeed41ab4e7d597321769d3a61448e178b7961ee0319b163f606ec886c1, 800f9aeff97bb2fbfb2cba89dec732df0b6375672a9fb895e65890b6740c7afd, 80ee3667ac8dc99ae523815ca9854005c8d8a1ccd7741d432e6ef54239826953, 80f23cf9dc4820f4e3bd97f66b96f0e140a4e7447015b71b4fee52cdeda49cdb, 80b370e12d60e43c8f0df0f40943c41fb95d64cc69efa5700bfc9dfef18e9978, 803ff9ea618d3bfbad21ebb94a36e15dcabbaec4357a09fcf6a39d0637428655, 80eb92704589ab9a988e953f8d310367fa75981c54421ba637311537aeedb317
802f8520cd3924bc14b54345826b0e242353804b22ad45423317566581d3788a, 80da3d512c17287e6ec3667d0248ced0e9cf1124a46d49fd5447efd20d7ee440, 80aec2a337225f4f0046f5bb9a934410a661eb5b21d24118cb8e5c22d0df1916, 800629e04b4919375335f1125bb92455f8fe495e45c65057212b2764b3180139, 80950da9809b6d7c69d128f8f5e30506d079b74c43fb86659ad2ffc152bba1ee, 80bf0dad09b333c4f333fc4ed9cff943d776a5b381bc0d271f3f0391af6af504, 80c44995def8ebfb2590fef04bf48a74ffdda540ef5056e70194012e364c15ab, 80446077eeaf3aee8195e734c9ea7b89c3d72ed22cd3847262b7934ce3e1fbc6, 80bef5ccb079bd893185dac33ceffeb27e14cd1e690425919c15318b208c0a35
8099be91eb53c9f238cdceb72c3fe5a6da494564e446fe9edfc4f0aa673428f2, 80da3d512c17287e6ec3667d0248ced0e9cf1124a46d49fd5447efd20d7ee440, 80aec2a337225f4f0046f5bb9a934410a661eb5b21d24118cb8e5c22d0df1916, 807a9ee2dedb827adf1caebf33b7471f27abd40028bf2699cf151ca90023b41a, 80b156c06ed419e7f16370ef1d3d2b18bb8762eb3174c0712d8389fbf92a318e, 80ced6ea5d3587ebdaa51e379626430d51c3d8c222336164f38a77b0a54fd591, 809ff0aa296e44ecd5a61ff351cac1031a36f7947d56ae5d2a56be1148825198, 805a34077dccc1464bdca9c5ec1b642163c1601ef8d5fbee111f80213165e255, 80d3829493cf3dac158362e384e58769fcf0ae160823f7db06eab6d3a816ab04
808f03fdd254da7fc1aad4b4d514aad60d607613e44e3111615d753a1e0e3bac, 805da0eb9cdc752a502aa61a8f159a0e3bc36306b206651cd1d8736d6f1183b0, 80608a9390202a805a20cee8bc8ade95cd6bebd94831d23eab04660d685995b4, 806580988b9b65efe91b17e0613c3bf313011f9780bfa0b6293e64d346d4953e, 801d73abcf100e33d199c1d405e365eb870ec09da9957910a6d39b5c57761d70, 800f9aeff97bb2fbfb2cba89dec732df0b6375672a9fb895e65890b6740c7afd, 8005dfb3469a348ea093a95f622271c63c902d3720989b4584a191144f19ec55, 8071675174c6d02e81c28a3ac30de1f9b65b3bac22a1f4c9dfe821f24f00b1c8, 807c79df9bf47b21e609bd930291be0d77aafa161cf3d88504840829bc89697e
80fd1cc17af2b6fc6ff75b4626fdc7b7b9074312d66f180197ad648139aaae1d, 805da0eb9cdc752a502aa61a8f159a0e3bc36306b206651cd1d8736d6f1183b0, 8021157fca1eac32cad60e2dad8af70b3fe53c476bef53d5f7e11ad01a28d5fd, 80cb33fb9ab1234976b6869d5dc38f21c27bd9cc59eb75853959da5e6e6b4861, 80e7bc9429a201869dbca368c8ebc5d37353be72884901b11660e67cf261defa, 806d13bfc9f3f39e186b174ca9ce5812331227ab6e470301b3bfd1eb8f036da0, 808327b32d64c3ca764ff826075c017bd45356d9d5d5206a41c405407a32b875, 80446077eeaf3aee8195e734c9ea7b89c3d72ed22cd3847262b7934ce3e1fbc6, 8076a4cabb7b132d950c8f490bd7bfa038361c8310b2c20411986051297e380e
80f1d91e0157ef5316d227039e71e5fefeac5f8e82a58f3065c68b5986622cf4, 805da0eb9cdc752a502aa61a8f159a0e3bc36306b206651cd1d8736d6f1183b0, 80cefd55c1bcc766009a2103025f467748d8bf006f94fc5d7d00b854a9efb74d, 80b559b157fcd3253a0bceb484ef66c7be0bba723dee6284c7e2570aee94aa63, 80cba00edcf32c33c93c89dc26142885baec3bae77874c69a0415e5b5db653b8, 80bcfbfa6c89f441c7f46edde44f0a89e197f874331e2cb6e0c9df2e90175202, 80446077eeaf3aee8195e734c9ea7b89c3d72ed22cd3847262b7934ce3e1fbc6, 806900fb3e99e7e01d3f73bc1cd0d2372214e6c1e776b37e30e785a5919693d4, 80eb92704589ab9a988e953f8d310367fa75981c54421ba637311537aeedb317
80175e3f551b773437f8e8833762791eb9760e037631aeb0a269426a448131b3, 805da0eb9cdc752a502aa61a8f159a0e3bc36306b206651cd1d8736d6f1183b0, 80cba00edcf32c33c93c89dc26142885baec3bae77874c69a0415e5b5db653b8, 80cb33fb9ab1234976b6869d5dc38f21c27bd9cc59eb75853959da5e6e6b4861, 80bcfbfa6c89f441c7f46edde44f0a89e197f874331e2cb6e0c9df2e90175202, 8083f82832d62756815144c70808cb3147b65224e1fbbe92b5638d0151e68f87, 80b370e12d60e43c8f0df0f40943c41fb95d64cc69efa5700bfc9dfef18e9978, 803233783b4a67733c285047e81868ddd670201dd2da1b22cc22606e72df391b, 806900fb3e99e7e01d3f73bc1cd0d2372214e6c1e776b37e30e785a5919693d4
808b784a0c41581f9eff18b600dd47115c0ee442bdf3ff250bfc353f34e070a2, 805da0eb9cdc752a502aa61a8f159a0e3bc36306b206651cd1d8736d6f1183b0, 8088f36146cbabd8b717c2b11bb86c29c5714c16141ce9176a2db6026d28a867, 80a8828d1fc7b5cad96214b391c016a55ccb2440c41a41becd9b7950e96a0005, 80ee3667ac8dc99ae523815ca9854005c8d8a1ccd7741d432e6ef54239826953, 80a826aaf65edd59c9afa76206d82552867356d939116819670b65f86cdd82a7, 807e57e83557a11cfecb87e4f0fb98aa622da9979ca2e1065cf83911bb4d01e8, 8036250e92573a7a521f0e037b0e170c8fdef1a79cf54be5bfbf4cb3223a7b0a, 805008962d1001d30368c7caeaaadede7729a1973848ee98058e7b23f209ea6c
80142f1ecb647b0d1b52f8b4fc640436223b0d447f771563d6f6128e48a7b11a, 805da0eb9cdc752a502aa61a8f159a0e3bc36306b206651cd1d8736d6f1183b0, 801d73abcf100e33d199c1d405e365eb870ec09da9957910a6d39b5c57761d70, 8088f36146cbabd8b717c2b11bb86c29c5714c16141ce9176a2db6026d28a867, 8021157fca1eac32cad60e2dad8af70b3fe53c476bef53d5f7e11ad01a28d5fd, 80ca494df675e995d014fb950b5445451b804a8f6a8bdfe5f71782584658eb96, 80384e9ce9e38aadb73b6ead88b34c87c7ec464ae3d8df6b16ef9c9cb43b5f5d, 80e49dd2d08b5a6c2544a90e2a5df80b17697107bfb59d64fbf74adf08da5b4a, 80eb92704589ab9a988e953f8d310367fa75981c54421ba637311537aeedb317
805ee53289b0f551a8fb6079f5cf7b79e5eecc8cf2933fbb25aed3ee39f643a6, 80608a9390202a805a20cee8bc8ade95cd6bebd94831d23eab04660d685995b4, 80041eeed41ab4e7d597321769d3a61448e178b7961ee0319b163f606ec886c1, 801d73abcf100e33d199c1d405e365eb870ec09da9957910a6d39b5c57761d70, 8061630c319efd414b4dd38b5eff44107a9caedacf00553cd4c9b05e0cd5f080, 80cb33fb9ab1234976b6869d5dc38f21c27bd9cc59eb75853959da5e6e6b4861, 80167d4860ee84504b2d827e109005582d93f9c195476ed0a4a85b33ef379c5f, 80e7bc9429a201869dbca368c8ebc5d37353be72884901b11660e67cf261defa, 804966d6a2b65fe536e1442b4014c10495da8d375ad368da20a901d77cca3774
80a9c3482e415582180371de87da16a58308b5ddb21d3cf2b52fea7cf1c72c93, 80608a9390202a805a20cee8bc8ade95cd6bebd94831d23eab04660d685995b4, 80bcfbfa6c89f441c7f46edde44f0a89e197f874331e2cb6e0c9df2e90175202, 80f23cf9dc4820f4e3bd97f66b96f0e140a4e7447015b71b4fee52cdeda49cdb, 80bf0dad09b333c4f333fc4ed9cff943d776a5b381bc0d271f3f0391af6af504, 80e49dd2d08b5a6c2544a90e2a5df80b17697107bfb59d64fbf74adf08da5b4a, 80446077eeaf3aee8195e734c9ea7b89c3d72ed22cd3847262b7934ce3e1fbc6, 80db979c8938c5adbbca1bf9310a0bfd46891eca00b167568259029c7876017d, 8082cf1f748a42a2e291bd17a6d06bcbb632f1a427265c2d6a21a6b55cc67e64
800d9d48de202f60590f205d387648fa999099bb0820d114238d97e722e7848a, 80608a9390202a805a20cee8bc8ade95cd6bebd94831d23eab04660d685995b4, 805e4aafa158d8c210f4ff9c6e136f9154f0695eb47fa10cb40185c943251162, 8021157fca1eac32cad60e2dad8af70b3fe53c476bef53d5f7e11ad01a28d5fd, 80cb33fb9ab1234976b6869d5dc38f21c27bd9cc59eb75853959da5e6e6b4861, 80ae79c4afdf99838550e3400eacfc5da39fbfc01468983f453b643e0dd3a4f5, 80d299b935b8b6635f1011feeb15478b95ba994876e2d1394a01340c91d5efa7, 8076a4cabb7b132d950c8f490bd7bfa038361c8310b2c20411986051297e380e, 80bef5ccb079bd893185dac33ceffeb27e14cd1e690425919c15318b208c0a35
80be0b86c80322c21d32c69240f3f51583daf4dec8b2f6f5095b8e39d858e41e, 80608a9390202a805a20cee8bc8ade95cd6bebd94831d23eab04660d685995b4, 802aae585a3115e57b6a1374f14ae2a8573667c79c47490a9570cb7f67c63a5e, 80ca494df675e995d014fb950b5445451b804a8f6a8bdfe5f71782584658eb96, 807e57e83557a11cfecb87e4f0fb98aa622da9979ca2e1065cf83911bb4d01e8, 80bf0dad09b333c4f333fc4ed9cff943d776a5b381bc0d271f3f0391af6af504, 80b5978dd8195940dae2e04e6d5f3ed7e53c787aa34b41176ef7e267a9039aee, 804399c82973abcc6706a9c0545a1cd001dd2318303ef9b05ac3ce050d6c42c5, 80a2fe0e5e2570c6681346c2c9bb9ec8144d948e4f892535791a33f7dc718907
8022ba33095865a606292c9bdddceb55a8e6905f5084f797e3e49034dc5dc363, 80608a9390202a805a20cee8bc8ade95cd6bebd94831d23eab04660d685995b4, 80b559b157fcd3253a0bceb484ef66c7be0bba723dee6284c7e2570aee94aa63, 80b7219000eefc412deb295259272ca5c48ba902ce5fd1baac7c018d9cd35650, 802aae585a3115e57b6a1374f14ae2a8573667c79c47490a9570cb7f67c63a5e, 801ed24acd982b6d120a6fd7e8a9987679da4b58c743e22f0f27bd3dd00343c9, 804966d6a2b65fe536e1442b4014c10495da8d375ad368da20a901d77cca3774, 80921dd745c76bf5c138ddee3bb11d392e7bedb01eb40f387db82373f1ac0418, 80db979c8938c5adbbca1bf9310a0bfd46891eca00b167568259029c7876017d
8035eefcdf35b4679d34f055de95f8a0dfadc858db2170f95732c612851bd4fc, 80608a9390202a805a20cee8bc8ade95cd6bebd94831d23eab04660d685995b4, 80305b1502c0ce82392fb9438120fab1b19f8b26c84063685e93fae8ffafebd9, 80aac56b4f07df115a9d3e599bb3cee1a7f5b83f5c3ef4d10fc3f0be111cdd62, 80384e9ce9e38aadb73b6ead88b34c87c7ec464ae3d8df6b16ef9c9cb43b5f5d, 80921dd745c76bf5c138ddee3bb11d392e7bedb01eb40f387db82373f1ac0418, 803233783b4a67733c285047e81868ddd670201dd2da1b22cc22606e72df391b, 804399c82973abcc6706a9c0545a1cd001dd2318303ef9b05ac3ce050d6c42c5, 805008962d1001d30368c7caeaaadede7729a1973848ee98058e7b23f209ea6c
806e47d84828b79d001cab4377b42f8aa14a6c18c0cd2c4b21013924c9267cad, 80608a9390202a805a20cee8bc8ade95cd6bebd94831d23eab04660d685995b4, 800dd4461e85ca4117370f7bed0322e881f4d7cb475d89c3b5ecaca73b551265, 80ee3667ac8dc99ae523815ca9854005c8d8a1ccd7741d432e6ef54239826953, 80e91bd5e21e2ed4523691ab13ceed9a058f6e9fbadd6c49eae2a8d313e21cba, 803233783b4a67733c285047e81868ddd670201dd2da1b22cc22606e72df391b, 80a2fe0e5e2570c6681346c2c9bb9ec8144d948e4f892535791a33f7dc718907, 80bef5ccb079bd893185dac33ceffeb27e14cd1e690425919c15318b208c0a35, 805008962d1001d30368c7caeaaadede7729a1973848ee98058e7b23f209ea6c
80ba4205ff1ed50ab7e3ee2cdb2139868f095635a05210a74b440566982c629e, 80608a9390202a805a20cee8bc8ade95cd6bebd94831d23eab04660d685995b4, 80881280b0a8a6cea711947facff9a53f09c6fbe0372548af16780aef30cfbd5, 80b370e12d60e43c8f0df0f40943c41fb95d64cc69efa5700bfc9dfef18e9978, 80d3bbc48820c0447ca75d0f14bdb4dabc6f24b61015a26f38588965c964972b, 802642772e63cb83a32fc5bec6fa5312b6880ede0cb0ede15f9c8522beec405f, 80db979c8938c5adbbca1bf9310a0bfd46891eca00b167568259029c7876017d, 805008962d1001d30368c7caeaaadede7729a1973848ee98058e7b23f209ea6c, 807c79df9bf47b21e609bd930291be0d77aafa161cf3d88504840829bc89697e
804c2008c65e95c4dfde4384e7172c7e2c9071d731116c33907cf23c053e67af, 80608a9390202a805a20cee8bc8ade95cd6bebd94831d23eab04660d685995b4, 8005e088e65dbc6d0eb9ee54f92b6dd106683f4b8af1e15b17a2f5112e2eab05, 800629e04b4919375335f1125bb92455f8fe495e45c65057212b2764b3180139, 807a9ee2dedb827adf1caebf33b7471f27abd40028bf2699cf151ca90023b41a, 80aac56b4f07df115a9d3e599bb3cee1a7f5b83f5c3ef4d10fc3f0be111cdd62, 8076a4cabb7b132d950c8f490bd7bfa038361c8310b2c20411986051297e380e, 804399c82973abcc6706a9c0545a1cd001dd2318303ef9b05ac3ce050d6c42c5, 80d0983ca2c19fdd18aa5f8ee7bb5b9ef7fbe323b4d22c345d2a75f8055d4337
8065ed2297635e2c62095f6214635e1ce2b5da9a9e3d53890db974cc4410b4db, 805e4aafa158d8c210f4ff9c6e136f9154f0695eb47fa10cb40185c943251162, 80aec2a337225f4f0046f5bb9a934410a661eb5b21d24118cb8e5c22d0df1916, 80e7bc9429a201869dbca368c8ebc5d37353be72884901b11660e67cf261defa, 80267238192bdd6c25433d35b0594b930646e6a929845cbd3ec2863c0a51efd7, 8083f82832d62756815144c70808cb3147b65224e1fbbe92b5638d0151e68f87, 80520e6eedbe6a2ac52d722f194755b745cc204234522b136e8297dabadbedd0, 8093481fdf2aa38ad392cdec85e79a969650c4eeada08dc31faa8e24db0ebfe9, 8082cf1f748a42a2e291bd17a6d06bcbb632f1a427265c2d6a21a6b55cc67e64
80aebdf63247de5b0ec648e4ed55948d04fd80153f71ebcc82dae3441b208972, 805e4aafa158d8c210f4ff9c6e136f9154f0695eb47fa10cb40185c943251162, 80cefd55c1bcc766009a2103025f467748d8bf006f94fc5d7d00b854a9efb74d, 80aec2a337225f4f0046f5bb9a934410a661eb5b21d24118cb8e5c22d0df1916, 807a9ee2dedb827adf1caebf33b7471f27abd40028bf2699cf151ca90023b41a, 806d13bfc9f3f39e186b174ca9ce5812331227ab6e470301b3bfd1eb8f036da0, 80c44995def8ebfb2590fef04bf48a74ffdda540ef5056e70194012e364c15ab, 805a34077dccc1464bdca9c5ec1b642163c1601ef8d5fbee111f80213165e255, 805008962d1001d30368c7caeaaadede7729a1973848ee98058e7b23f209ea6c
80a3a249c7a2a7ee9addf2c73335ba447e8b468f69a861fe28ea0c0ed5bd0e91, 805e4aafa158d8c210f4ff9c6e136f9154f0695eb47fa10cb40185c943251162, 806580988b9b65efe91b17e0613c3bf313011f9780bfa0b6293e64d346d4953e, 80b559b157fcd3253a0bceb484ef66c7be0bba723dee6284c7e2570aee94aa63, 80a6c0f532a28eed81748d3f4515ac4210bb339ea6e62c5b9f32bb7092aae6c0, 80a8828d1fc7b5cad96214b391c016a55ccb2440c41a41becd9b7950e96a0005, 80ee3667ac8dc99ae523815ca9854005c8d8a1ccd7741d432e6ef54239826953, 80d299b935b8b6635f1011feeb15478b95ba994876e2d1394a01340c91d5efa7, 80eb92704589ab9a988e953f8d310367fa75981c54421ba637311537aeedb317
8065be8256abb9eafc00e033fefa3eb1fb6ff85f1a947b12fe29c2d34442dfd0, 80cefd55c1bcc766009a2103025f467748d8bf006f94fc5d7d00b854a9efb74d, 80881280b0a8a6cea711947facff9a53f09c6fbe0372548af16780aef30cfbd5, 80bf0dad09b333c4f333fc4ed9cff943d776a5b381bc0d271f3f0391af6af504, 8022256b784037950487b5e69d73c4a18e03aeaa1de20d01f066af4da1942b5f, 80e49dd2d08b5a6c2544a90e2a5df80b17697107bfb59d64fbf74adf08da5b4a, 80d3bbc48820c0447ca75d0f14bdb4dabc6f24b61015a26f38588965c964972b, 803867018f92ff4a01c297382e85776f36c07f8e62ef8ef4084d69832729a32f, 80bef5ccb079bd893185dac33ceffeb27e14cd1e690425919c15318b208c0a35
801fd04cc799d16d4792366f5e567a8cc2e7f0b3f9efc086cd6f93995894dcf1, 80cefd55c1bcc766009a2103025f467748d8bf006f94fc5d7d00b854a9efb74d, 8079a6303f537c612c984d92d613bc5696deeeadb34695788f72a12019f99c65, 80a51227317f965051b15de4fbd27815878b01fb7382abdd19b751c8046870e5, 80a783981ca71660127b8bff3efd1006a6662e6b17ff68b40342d173deb51712, 80520e6eedbe6a2ac52d722f194755b745cc204234522b136e8297dabadbedd0, 80b5978dd8195940dae2e04e6d5f3ed7e53c787aa34b41176ef7e267a9039aee, 808f1f0dcbca78dc9dadc1e78cf4668080a9459fa2bb574e98725e770baf821d, 80c0c689324953a42f43c6715b2505b95336d96d0e5ad521a366bd42a0d5d442
8081d5688f6e328a60af5e193aee961d2a923004418ac511cc8b19fe353ffe48, 80cefd55c1bcc766009a2103025f467748d8bf006f94fc5d7d00b854a9efb74d, 80cba00edcf32c33c93c89dc26142885baec3bae77874c69a0415e5b5db653b8, 80a826aaf65edd59c9afa76206d82552867356d939116819670b65f86cdd82a7, 80921dd745c76bf5c138ddee3bb11d392e7bedb01eb40f387db82373f1ac0418, 804399c82973abcc6706a9c0545a1cd001dd2318303ef9b05ac3ce050d6c42c5, 803ff9ea618d3bfbad21ebb94a36e15dcabbaec4357a09fcf6a39d0637428655, 80993ecb6977481a1eac7662e5c213dd041cd3249d81c0795878f10f37736c8c, 805a34077dccc1464bdca9c5ec1b642163c1601ef8d5fbee111f80213165e255
807b26919409d524f3ef55d995f4e886eb1fabb3ac35f9e416a5d43e3ef49b46, 80cefd55c1bcc766009a2103025f467748d8bf006f94fc5d7d00b854a9efb74d, 80c7bc27d05fd259bacf7679331f423174fefd98dd92feb5dc5cf78022eab9de, 806f78d3f052e2d51e9dcbd401271e3019de8130b658cba42e695384c58c07bf, 8036250e92573a7a521f0e037b0e170c8fdef1a79cf54be5bfbf4cb3223a7b0a, 80bef5ccb079bd893185dac33ceffeb27e14cd1e690425919c15318b208c0a35, 80eb92704589ab9a988e953f8d310367fa75981c54421ba637311537aeedb317, 805a34077dccc1464bdca9c5ec1b642163c1601ef8d5fbee111f80213165e255, 809874d69967577b5dec90d63c342bae16d1af16eb681a6de4ed8032b55215a2
80822397f69cceaa70e13a288b6e87ea1f2c3e0e37f6bfc8a1dce56148d7eac4, 80cefd55c1bcc766009a2103025f467748d8bf006f94fc5d7d00b854a9efb74d, 8044dc48112433a16e27b231edb0921d72d9f7e6d4320279f66d994a7baddd65, 800f9aeff97bb2fbfb2cba89dec732df0b6375672a9fb895e65890b6740c7afd, 80ca494df675e995d014fb950b5445451b804a8f6a8bdfe5f71782584658eb96, 806a58c096e25059c6525803022b0a3e26679dd755e45fcbaf82423165d93dc4, 80e49dd2d08b5a6c2544a90e2a5df80b17697107bfb59d64fbf74adf08da5b4a, 80993ecb6977481a1eac7662e5c213dd041cd3249d81c0795878f10f37736c8c, 80d0cb23367587b2bc8bcd4830c332b065407b61eb604e9c097fed31e83ec2e3
800210473e7f32b29edbb2d2e39e510af6e040ec324bce3f9314236f39e83137, 80cefd55c1bcc766009a2103025f467748d8bf006f94fc5d7d00b854a9efb74d, 800f9aeff97bb2fbfb2cba89dec732df0b6375672a9fb895e65890b6740c7afd, 8021157fca1eac32cad60e2dad8af70b3fe53c476bef53d5f7e11ad01a28d5fd, 80e7bc9429a201869dbca368c8ebc5d37353be72884901b11660e67cf261defa, 8005dfb3469a348ea093a95f622271c63c902d3720989b4584a191144f19ec55, 803867018f92ff4a01c297382e85776f36c07f8e62ef8ef4084d69832729a32f, 803ff9ea618d3bfbad21ebb94a36e15dcabbaec4357a09fcf6a39d0637428655, 80e7a7b7c521063621c6c397975a0f67b64fcc14943b12389fba083e430a516d
80249e2de01ceac6dd114dda86a9d3bd94d6d67801aaa6a43128564bb0ca4a46, 80fd36cfa8ed966ff0dff66f3d3f56612e42ebd7532586a3629ae7dd02ddec2b, 8044dc48112433a16e27b231edb0921d72d9f7e6d4320279f66d994a7baddd65, 8005e088e65dbc6d0eb9ee54f92b6dd106683f4b8af1e15b17a2f5112e2eab05, 806d13bfc9f3f39e186b174ca9ce5812331227ab6e470301b3bfd1eb8f036da0, 807e5915118f1b9e14f9028d9c1c50093802dd709c948d7c4f01a2b3cfead46f, 80a783981ca71660127b8bff3efd1006a6662e6b17ff68b40342d173deb51712, 8036250e92573a7a521f0e037b0e170c8fdef1a79cf54be5bfbf4cb3223a7b0a, 8076a4cabb7b132d950c8f490bd7bfa038361c8310b2c20411986051297e380e
80bcb2e71cfc3df079ea8f28030dc3f31382ed125146ce32abdbc28586c8ea10, 80fd36cfa8ed966ff0dff66f3d3f56612e42ebd7532586a3629ae7dd02ddec2b, 80bb5f00dd3dbf4300bdde4f17c4c090b11870d9a50e2bfde9347cf8053c68b5, 8021157fca1eac32cad60e2dad8af70b3fe53c476bef53d5f7e11ad01a28d5fd, 8013611064efab410653f7760cb68b4be8c7ad4194830e722b23a35fd35c6eb5, 80ca494df675e995d014fb950b5445451b804a8f6a8bdfe5f71782584658eb96, 802ed0a85bdeb87887b0f720d6323446cb3c06e7a70b7801bb28b52a7a7e7116, 808f1f0dcbca78dc9dadc1e78cf4668080a9459fa2bb574e98725e770baf821d, 803fb427ac7d2b8cc15c1ceb9077caa483a4694946ce1a252e7158ee72178789
800a20449dd67798435b770256d1f8be77841e52fecf76a24e756460337c0db0, 80fd36cfa8ed966ff0dff66f3d3f56612e42ebd7532586a3629ae7dd02ddec2b, 80cba00edcf32c33c93c89dc26142885baec3bae77874c69a0415e5b5db653b8, 8021b1c3333a981ed4535e42076ba656b6ac0cd4d7412aa5773529e3d9a29fa6, 800dd4461e85ca4117370f7bed0322e881f4d7cb475d89c3b5ecaca73b551265, 80a8828d1fc7b5cad96214b391c016a55ccb2440c41a41becd9b7950e96a0005, 8083f82832d62756815144c70808cb3147b65224e1fbbe92b5638d0151e68f87, 80e49dd2d08b5a6c2544a90e2a5df80b17697107bfb59d64fbf74adf08da5b4a, 80d3829493cf3dac158362e384e58769fcf0ae160823f7db06eab6d3a816ab04
80dd9411a1f76a43a8e6298dc7025470e6d114b5eff8afcd05ee11e25c531c66, 80fd36cfa8ed966ff0dff66f3d3f56612e42ebd7532586a3629ae7dd02ddec2b, 800629e04b4919375335f1125bb92455f8fe495e45c65057212b2764b3180139, 80bcfbfa6c89f441c7f46edde44f0a89e197f874331e2cb6e0c9df2e90175202, 80a8828d1fc7b5cad96214b391c016a55ccb2440c41a41becd9b7950e96a0005, 804966d6a2b65fe536e1442b4014c10495da8d375ad368da20a901d77cca3774, 80c44995def8ebfb2590fef04bf48a74ffdda540ef5056e70194012e364c15ab, 805d4281ba592ee6adb146f3779372b7705d2812eab98805efd1f55be12361d0, 80eb92704589ab9a988e953f8d310367fa75981c54421ba637311537aeedb317
80b4032e89edc8776a1bfd50f0bf5964292ec24813dae343aa777c84ba0f0455, 80fd36cfa8ed966ff0dff66f3d3f56612e42ebd7532586a3629ae7dd02ddec2b, 809c25b736b50806567d6d133558b113eea93bd47303cfacde27d2bb304ab318, 806d13bfc9f3f39e186b174ca9ce5812331227ab6e470301b3bfd1eb8f036da0, 80267238192bdd6c25433d35b0594b930646e6a929845cbd3ec2863c0a51efd7, 8076a4cabb7b132d950c8f490bd7bfa038361c8310b2c20411986051297e380e, 80993ecb6977481a1eac7662e5c213dd041cd3249d81c0795878f10f37736c8c, 8093d09924cc8d967f01aef31354daa8f74e873d031a89471825aa8412e7ee43, 803fb427ac7d2b8cc15c1ceb9077caa483a4694946ce1a252e7158ee72178789
805628af8aa369a7e31371d45bef4d74dddd9d7aef71bffc78fbd34548cdf668, 80fd36cfa8ed966ff0dff66f3d3f56612e42ebd7532586a3629ae7dd02ddec2b, 8044dc48112433a16e27b231edb0921d72d9f7e6d4320279f66d994a7baddd65, 801d73abcf100e33d199c1d405e365eb870ec09da9957910a6d39b5c57761d70, 80bb5f00dd3dbf4300bdde4f17c4c090b11870d9a50e2bfde9347cf8053c68b5, 80a51227317f965051b15de4fbd27815878b01fb7382abdd19b751c8046870e5, 80aac56b4f07df115a9d3e599bb3cee1a7f5b83f5c3ef4d10fc3f0be111cdd62, 80046712ef92840c4e48ce80e20a354db363d544d0b3864444e003302033d90c, 807c79df9bf47b21e609bd930291be0d77aafa161cf3d88504840829bc89697e
80f1ba309d8cec7975459b54a210ce0f370486e41e916fad98cbcef4e7696820, 80fd36cfa8ed966ff0dff66f3d3f56612e42ebd7532586a3629ae7dd02ddec2b, 802abc90489f9011adbfb2c0d49de58c94589545075f190c00c0279b5f65dcad, 8037c3999e3067a6bd47f6bb2dcd11cdb2a5a6fedc8012ad394a04a1c2bc3324, 802aae585a3115e57b6a1374f14ae2a8573667c79c47490a9570cb7f67c63a5e, 80046712ef92840c4e48ce80e20a354db363d544d0b3864444e003302033d90c, 802b453d3d0d54410ee057c2a21d99566a112404b3043293a1ef4ca2d04bd37e, 802c8cd751805dbc12ef4eb127f3493111b8420417091667e5de8f595fcbc19b, 80537c8c1d781d17eec7d2f0594ec85403a9dce0e874488e311c8718dbd5d8d0
80f2803203bcb9e9820437a1477000dce58094e93c22e4647ea6b6f850e7ce00, 802abc90489f9011adbfb2c0d49de58c94589545075f190c00c0279b5f65dcad, 8079a6303f537c612c984d92d613bc5696deeeadb34695788f72a12019f99c65, 800f9aeff97bb2fbfb2cba89dec732df0b6375672a9fb895e65890b6740c7afd, 809ff0aa296e44ecd5a61ff351cac1031a36f7947d56ae5d2a56be1148825198, 80267238192bdd6c25433d35b0594b930646e6a929845cbd3ec2863c0a51efd7, 80950da9809b6d7c69d128f8f5e30506d079b74c43fb86659ad2ffc152bba1ee, 8005dfb3469a348ea093a95f622271c63c902d3720989b4584a191144f19ec55, 80d0983ca2c19fdd18aa5f8ee7bb5b9ef7fbe323b4d22c345d2a75f8055d4337
80e4537ca8e914c12ef60f208aef6ee497c1d7727465ff7e063465c2b545cf8f, 802abc90489f9011adbfb2c0d49de58c94589545075f190c00c0279b5f65dcad, 80041eeed41ab4e7d597321769d3a61448e178b7961ee0319b163f606ec886c1, 80aec2a337225f4f0046f5bb9a934410a661eb5b21d24118cb8e5c22d0df1916, 80a6c0f532a28eed81748d3f4515ac4210bb339ea6e62c5b9f32bb7092aae6c0, 80b7219000eefc412deb295259272ca5c48ba902ce5fd1baac7c018d9cd35650, 80b156c06ed419e7f16370ef1d3d2b18bb8762eb3174c0712d8389fbf92a318e, 80032fa677e7e3d8742740c557e093e7eb676da6326c11aabf5f2e235a035bb4, 80e7a7b7c521063621c6c397975a0f67b64fcc14943b12389fba083e430a516d
806b799c1bf6bb6ca8f2ba57cb6a06a98552666485c040cc4c7077a9fbdce899, 802abc90489f9011adbfb2c0d49de58c94589545075f190c00c0279b5f65dcad, 80c739685e8a64955845e4d97a9a786c482c60ce169eaa3f8e510d0cc824b438, 801d73abcf100e33d199c1d405e365eb870ec09da9957910a6d39b5c57761d70, 80cb33fb9ab1234976b6869d5dc38f21c27bd9cc59eb75853959da5e6e6b4861, 80b5978dd8195940dae2e04e6d5f3ed7e53c787aa34b41176ef7e267a9039aee, 80d3bbc48820c0447ca75d0f14bdb4dabc6f24b61015a26f38588965c964972b, 8093d09924cc8d967f01aef31354daa8f74e873d031a89471825aa8412e7ee43, 805008962d1001d30368c7caeaaadede7729a1973848ee98058e7b23f209ea6c
8065062bbd15b9e6eddd3b586c4b1fa982a6dda6a76c5f9fcda64340234c384a, 802abc90489f9011adbfb2c0d49de58c94589545075f190c00c0279b5f65dcad, 8044dc48112433a16e27b231edb0921d72d9f7e6d4320279f66d994a7baddd65, 80b559b157fcd3253a0bceb484ef66c7be0bba723dee6284c7e2570aee94aa63, 80a8828d1fc7b5cad96214b391c016a55ccb2440c41a41becd9b7950e96a0005, 804399c82973abcc6706a9c0545a1cd001dd2318303ef9b05ac3ce050d6c42c5, 803867018f92ff4a01c297382e85776f36c07f8e62ef8ef4084d69832729a32f, 806900fb3e99e7e01d3f73bc1cd0d2372214e6c1e776b37e30e785a5919693d4, 80bef5ccb079bd893185dac33ceffeb27e14cd1e690425919c15318b208c0a35
80d4b758afd9fee96df7ffed965d9ac02416d84ce53d2ff6f44dce740a9e9bb1, 802abc90489f9011adbfb2c0d49de58c94589545075f190c00c0279b5f65dcad, 802aae585a3115e57b6a1374f14ae2a8573667c79c47490a9570cb7f67c63a5e, 80ced6ea5d3587ebdaa51e379626430d51c3d8c222336164f38a77b0a54fd591, 806f78d3f052e2d51e9dcbd401271e3019de8130b658cba42e695384c58c07bf, 80f1b027111b8edf953499be5b3c0ca3856d0ae99e583406c810b4d9bf8025f5, 803867018f92ff4a01c297382e85776f36c07f8e62ef8ef4084d69832729a32f, 805d4281ba592ee6adb146f3779372b7705d2812eab98805efd1f55be12361d0, 803fb427ac7d2b8cc15c1ceb9077caa483a4694946ce1a252e7158ee72178789
80988c79132e6365626554da7d8b15f20a7930d01105e7d5ac6fa4be099bdb4a, 8044dc48112433a16e27b231edb0921d72d9f7e6d4320279f66d994a7baddd65, 806c312581cd63aeea5e462aa2a8d06e59a44317562ada892691d66430156ef0, 80ced6ea5d3587ebdaa51e379626430d51c3d8c222336164f38a77b0a54fd591, 80e91bd5e21e2ed4523691ab13ceed9a058f6e9fbadd6c49eae2a8d313e21cba, 8056f1aaaa9bd1d38e65523796629711d1b64347f31ca47ba437667182cb83f7, 8093481fdf2aa38ad392cdec85e79a969650c4eeada08dc31faa8e24db0ebfe9, 806a58c096e25059c6525803022b0a3e26679dd755e45fcbaf82423165d93dc4, 802b453d3d0d54410ee057c2a21d99566a112404b3043293a1ef4ca2d04bd37e
80510a147df510e2b7780493cf2ccb4e5833460547753246bf1ce02ab63d42af, 8044dc48112433a16e27b231edb0921d72d9f7e6d4320279f66d994a7baddd65, 806580988b9b65efe91b17e0613c3bf313011f9780bfa0b6293e64d346d4953e, 8079a6303f537c612c984d92d613bc5696deeeadb34695788f72a12019f99c65, 802aae585a3115e57b6a1374f14ae2a8573667c79c47490a9570cb7f67c63a5e, 80a783981ca71660127b8bff3efd1006a6662e6b17ff68b40342d173deb51712, 80bf0dad09b333c4f333fc4ed9cff943d776a5b381bc0d271f3f0391af6af504, 80eb92704589ab9a988e953f8d310367fa75981c54421ba637311537aeedb317, 802b453d3d0d54410ee057c2a21d99566a112404b3043293a1ef4ca2d04bd37e
802910043b8f8a269db8bba5eb5dc05e38a5748d1e07dfff5bc5823689ec14dc, 8044dc48112433a16e27b231edb0921d72d9f7e6d4320279f66d994a7baddd65, 80b559b157fcd3253a0bceb484ef66c7be0bba723dee6284c7e2570aee94aa63, 80e91bd5e21e2ed4523691ab13ceed9a058f6e9fbadd6c49eae2a8d313e21cba, 802b453d3d0d54410ee057c2a21d99566a112404b3043293a1ef4ca2d04bd37e, 80a2fe0e5e2570c6681346c2c9bb9ec8144d948e4f892535791a33f7dc718907, 80bf0dad09b333c4f333fc4ed9cff943d776a5b381bc0d271f3f0391af6af504, 806d13bfc9f3f39e186b174ca9ce5812331227ab6e470301b3bfd1eb8f036da0, 80a783981ca71660127b8bff3efd1006a6662e6b17ff68b40342d173deb51712
80351c566b73b5abc47f746e15a6bd879b1c3cb5b6d6e56ea48f5c9f9edb45c2, 8044dc48112433a16e27b231edb0921d72d9f7e6d4320279f66d994a7baddd65, 80b559b157fcd3253a0bceb484ef66c7be0bba723dee6284c7e2570aee94aa63, 800f9aeff97bb2fbfb2cba89dec732df0b6375672a9fb895e65890b6740c7afd, 806d13bfc9f3f39e186b174ca9ce5812331227ab6e470301b3bfd1eb8f036da0, 80046712ef92840c4e48ce80e20a354db363d544d0b3864444e003302033d90c, 8076a4cabb7b132d950c8f490bd7bfa038361c8310b2c20411986051297e380e, 803ff9ea618d3bfbad21ebb94a36e15dcabbaec4357a09fcf6a39d0637428655, 80d3829493cf3dac158362e384e58769fcf0ae160823f7db06eab6d3a816ab04
80dcb03bdf094328da159fe5441e7cb60685b0e17a46928676999045cd5a18a3, 806580988b9b65efe91b17e0613c3bf313011f9780bfa0b6293e64d346d4953e, 80c61590f93fa68aea6d53e38acedc9b3ae3f261532aa935c0247eecca485e56, 800f9aeff97bb2fbfb2cba89dec732df0b6375672a9fb895e65890b6740c7afd, 801ed24acd982b6d120a6fd7e8a9987679da4b58c743e22f0f27bd3dd00343c9, 80ca494df675e995d014fb950b5445451b804a8f6a8bdfe5f71782584658eb96, 80881280b0a8a6cea711947facff9a53f09c6fbe0372548af16780aef30cfbd5, 80a2fe0e5e2570c6681346c2c9bb9ec8144d948e4f892535791a33f7dc718907, 807c79df9bf47b21e609bd930291be0d77aafa161cf3d88504840829bc89697e
801ce1b561d202ae264e8a6fd94c8a4f72a76f601da00d6eef82f69b18a38ff1, 806580988b9b65efe91b17e0613c3bf313011f9780bfa0b6293e64d346d4953e, 801d73abcf100e33d199c1d405e365eb870ec09da9957910a6d39b5c57761d70, 80bb5f00dd3dbf4300bdde4f17c4c090b11870d9a50e2bfde9347cf8053c68b5, 800f9aeff97bb2fbfb2cba89dec732df0b6375672a9fb895e65890b6740c7afd, 80ced6ea5d3587ebdaa51e379626430d51c3d8c222336164f38a77b0a54fd591, 80a8828d1fc7b5cad96214b391c016a55ccb2440c41a41becd9b7950e96a0005, 80046712ef92840c4e48ce80e20a354db363d544d0b3864444e003302033d90c, 80d3829493cf3dac158362e384e58769fcf0ae160823f7db06eab6d3a816ab04
808a2f91d65d69aaec2becf1879989e953fefcf3b8c69efd745effa77cebd6bd, 806580988b9b65efe91b17e0613c3bf313011f9780bfa0b6293e64d346d4953e, 800629e04b4919375335f1125bb92455f8fe495e45c65057212b2764b3180139, 80520e6eedbe6a2ac52d722f194755b745cc204234522b136e8297dabadbedd0, 80a826aaf65edd59c9afa76206d82552867356d939116819670b65f86cdd82a7, 80bf0dad09b333c4f333fc4ed9cff943d776a5b381bc0d271f3f0391af6af504, 803867018f92ff4a01c297382e85776f36c07f8e62ef8ef4084d69832729a32f, 80d0983ca2c19fdd18aa5f8ee7bb5b9ef7fbe323b4d22c345d2a75f8055d4337, 80537c8c1d781d17eec7d2f0594ec85403a9dce0e874488e311c8718dbd5d8d0
80fda1545cafe8db226988f9dcc5914b2efc8030ff8746e5b3e9aad211ec75a9, 806580988b9b65efe91b17e0613c3bf313011f9780bfa0b6293e64d346d4953e, 8061630c319efd414b4dd38b5eff44107a9caedacf00553cd4c9b05e0cd5f080, 80cba00edcf32c33c93c89dc26142885baec3bae77874c69a0415e5b5db653b8, 80ced6ea5d3587ebdaa51e379626430d51c3d8c222336164f38a77b0a54fd591, 800dd4461e85ca4117370f7bed0322e881f4d7cb475d89c3b5ecaca73b551265, 80a8a2b53814ca6cb5c2ebea45b5c7959229dc1547f9844b6f1c227fc1c3bd80, 802b453d3d0d54410ee057c2a21d99566a112404b3043293a1ef4ca2d04bd37e, 809874d69967577b5dec90d63c342bae16d1af16eb681a6de4ed8032b55215a2
80e1bd08304d0d91b8bb271547fc3b620d3369ed48cc86dc9d11fd4f8e2329f8, 8005e088e65dbc6d0eb9ee54f92b6dd106683f4b8af1e15b17a2f5112e2eab05, 80c739685e8a64955845e4d97a9a786c482c60ce169eaa3f8e510d0cc824b438, 80bb5f00dd3dbf4300bdde4f17c4c090b11870d9a50e2bfde9347cf8053c68b5, 80aec2a337225f4f0046f5bb9a934410a661eb5b21d24118cb8e5c22d0df1916, 80a51227317f965051b15de4fbd27815878b01fb7382abdd19b751c8046870e5, 80ca494df675e995d014fb950b5445451b804a8f6a8bdfe5f71782584658eb96, 805d4281ba592ee6adb146f3779372b7705d2812eab98805efd1f55be12361d0, 80db979c8938c5adbbca1bf9310a0bfd46891eca00b167568259029c7876017d
8021b2858afd0126ea829cb45a63386cb205b7ef0a7fca9d1b5e5146c40759d5, 8005e088e65dbc6d0eb9ee54f92b6dd106683f4b8af1e15b17a2f5112e2eab05, 80bb5f00dd3dbf4300bdde4f17c4c090b11870d9a50e2bfde9347cf8053c68b5, 80cba00edcf32c33c93c89dc26142885baec3bae77874c69a0415e5b5db653b8, 809c25b736b50806567d6d133558b113eea93bd47303cfacde27d2bb304ab318, 8056291ee70242eb0c0726ebe6f841450be291b46d4d7c7f0e1c7c7cba5d56ed, 803fb427ac7d2b8cc15c1ceb9077caa483a4694946ce1a252e7158ee72178789, 80d0cb23367587b2bc8bcd4830c332b065407b61eb604e9c097fed31e83ec2e3, 807c79df9bf47b21e609bd930291be0d77aafa161cf3d88504840829bc89697e
80000eadb21fa21dc4896fcb4fcb0d00f0b5a656185228737fa5cfbf4731414c, 8005e088e65dbc6d0eb9ee54f92b6dd106683f4b8af1e15b17a2f5112e2eab05, 80bcfbfa6c89f441c7f46edde44f0a89e197f874331e2cb6e0c9df2e90175202, 800dd4461e85ca4117370f7bed0322e881f4d7cb475d89c3b5ecaca73b551265, 806f78d3f052e2d51e9dcbd401271e3019de8130b658cba42e695384c58c07bf, 80f1b027111b8edf953499be5b3c0ca3856d0ae99e583406c810b4d9bf8025f5, 80a2fe0e5e2570c6681346c2c9bb9ec8144d948e4f892535791a33f7dc718907, 803ff9ea618d3bfbad21ebb94a36e15dcabbaec4357a09fcf6a39d0637428655, 8071675174c6d02e81c28a3ac30de1f9b65b3bac22a1f4c9dfe821f24f00b1c8
804456bf271da8ee731e0244f419ac0d5447b6fd02fa57a4fd759ec4f0154ab4, 8005e088e65dbc6d0eb9ee54f92b6dd106683f4b8af1e15b17a2f5112e2eab05, 80b559b157fcd3253a0bceb484ef66c7be0bba723dee6284c7e2570aee94aa63, 80c28201650194d508d599b2fc44ffd3e47006aa2c4953fc258a8987fb11214f, 80267238192bdd6c25433d35b0594b930646e6a929845cbd3ec2863c0a51efd7, 80a826aaf65edd59c9afa76206d82552867356d939116819670b65f86cdd82a7, 803ff9ea618d3bfbad21ebb94a36e15dcabbaec4357a09fcf6a39d0637428655, 80bef5ccb079bd893185dac33ceffeb27e14cd1e690425919c15318b208c0a35, 80eb92704589ab9a988e953f8d310367fa75981c54421ba637311537aeedb317
809120173b214010c70f81ecd7c3ab9ba3ff88e3573444a559392f14f73e9932, 8005e088e65dbc6d0eb9ee54f92b6dd106683f4b8af1e15b17a2f5112e2eab05, 80c61590f93fa68aea6d53e38acedc9b3ae3f261532aa935c0247eecca485e56, 80b7219000eefc412deb295259272ca5c48ba902ce5fd1baac7c018d9cd35650, 80c28201650194d508d599b2fc44ffd3e47006aa2c4953fc258a8987fb11214f, 80e7bc9429a201869dbca368c8ebc5d37353be72884901b11660e67cf261defa, 80ae79c4afdf99838550e3400eacfc5da39fbfc01468983f453b643e0dd3a4f5, 802c8cd751805dbc12ef4eb127f3493111b8420417091667e5de8f595fcbc19b, 80d0cb23367587b2bc8bcd4830c332b065407b61eb604e9c097fed31e83ec2e3
80aa545066fc5e66c64778d46a082b557f48127c85eded41473d60fcc6367241, 8005e088e65dbc6d0eb9ee54f92b6dd106683f4b8af1e15b17a2f5112e2eab05, 8079a6303f537c612c984d92d613bc5696deeeadb34695788f72a12019f99c65, 800629e04b4919375335f1125bb92455f8fe495e45c65057212b2764b3180139, 8021157fca1eac32cad60e2dad8af70b3fe53c476bef53d5f7e11ad01a28d5fd, 80a51227317f965051b15de4fbd27815878b01fb7382abdd19b751c8046870e5, 807e57e83557a11cfecb87e4f0fb98aa622da9979ca2e1065cf83911bb4d01e8, 80f1b027111b8edf953499be5b3c0ca3856d0ae99e583406c810b4d9bf8025f5, 8071675174c6d02e81c28a3ac30de1f9b65b3bac22a1f4c9dfe821f24f00b1c8
805b6d637d11a6002998da209ff7e6cb896fdfda7a85b0b8f9f7192d4b1fdf66, 8005e088e65dbc6d0eb9ee54f92b6dd106683f4b8af1e15b17a2f5112e2eab05, 801d73abcf100e33d199c1d405e365eb870ec09da9957910a6d39b5c57761d70, 80a6c0f532a28eed81748d3f4515ac4210bb339ea6e62c5b9f32bb7092aae6c0, 80ced6ea5d3587ebdaa51e379626430d51c3d8c222336164f38a77b0a54fd591, 80a783981ca71660127b8bff3efd1006a6662e6b17ff68b40342d173deb51712, 80384e9ce9e38aadb73b6ead88b34c87c7ec464ae3d8df6b16ef9c9cb43b5f5d, 8036250e92573a7a521f0e037b0e170c8fdef1a79cf54be5bfbf4cb3223a7b0a, 805d4281ba592ee6adb146f3779372b7705d2812eab98805efd1f55be12361d0
80deacff59ab9d8f9cc25f095f557ac24552b1eee4b3465a7ea94a30e616abdc, 8005e088e65dbc6d0eb9ee54f92b6dd106683f4b8af1e15b17a2f5112e2eab05, 809c25b736b50806567d6d133558b113eea93bd47303cfacde27d2bb304ab318, 80167d4860ee84504b2d827e109005582d93f9c195476ed0a4a85b33ef379c5f, 806d13bfc9f3f39e186b174ca9ce5812331227ab6e470301b3bfd1eb8f036da0, 80aac56b4f07df115a9d3e599bb3cee1a7f5b83f5c3ef4d10fc3f0be111cdd62, 80f23cf9dc4820f4e3bd97f66b96f0e140a4e7447015b71b4fee52cdeda49cdb, 80b5978dd8195940dae2e04e6d5f3ed7e53c787aa34b41176ef7e267a9039aee, 803233783b4a67733c285047e81868ddd670201dd2da1b22cc22606e72df391b
80cb373313de68c7908992c011fff5a843e7a046667a44ab414fc5cb38f05e4a, 8005e088e65dbc6d0eb9ee54f92b6dd106683f4b8af1e15b17a2f5112e2eab05, 8013611064efab410653f7760cb68b4be8c7ad4194830e722b23a35fd35c6eb5, 80ca494df675e995d014fb950b5445451b804a8f6a8bdfe5f71782584658eb96, 80aac56b4f07df115a9d3e599bb3cee1a7f5b83f5c3ef4d10fc3f0be111cdd62, 8093481fdf2aa38ad392cdec85e79a969650c4eeada08dc31faa8e24db0ebfe9, 80e2da1d92fe71211e40361ff84ba644252143b85670273e37b0b5b8ba95d393, 8022256b784037950487b5e69d73c4a18e03aeaa1de20d01f066af4da1942b5f, 802b453d3d0d54410ee057c2a21d99566a112404b3043293a1ef4ca2d04bd37e
800a3f7763e6394bd7e1c14068cf3b5f11bbc5137d0787a335f87ec26aeb7f73, 80c61590f93fa68aea6d53e38acedc9b3ae3f261532aa935c0247eecca485e56, 80bb5f00dd3dbf4300bdde4f17c4c090b11870d9a50e2bfde9347cf8053c68b5, 808327b32d64c3ca764ff826075c017bd45356d9d5d5206a41c405407a32b875, 80c7bc27d05fd259bacf7679331f423174fefd98dd92feb5dc5cf78022eab9de, 80267238192bdd6c25433d35b0594b930646e6a929845cbd3ec2863c0a51efd7, 80520e6eedbe6a2ac52d722f194755b745cc204234522b136e8297dabadbedd0, 80f1b027111b8edf953499be5b3c0ca3856d0ae99e583406c810b4d9bf8025f5, 8082cf1f748a42a2e291bd17a6d06bcbb632f1a427265c2d6a21a6b55cc67e64
80d6bdbd6cebbcd64730759bf9f6f106573141aaea31945dcef70b3d7d2f9cbe, 80c61590f93fa68aea6d53e38acedc9b3ae3f261532aa935c0247eecca485e56, 80c739685e8a64955845e4d97a9a786c482c60ce169eaa3f8e510d0cc824b438, 807a9ee2dedb827adf1caebf33b7471f27abd40028bf2699cf151ca90023b41a, 809c25b736b50806567d6d133558b113eea93bd47303cfacde27d2bb304ab318, 80b156c06ed419e7f16370ef1d3d2b18bb8762eb3174c0712d8389fbf92a318e, 80c7bc27d05fd259bacf7679331f423174fefd98dd92feb5dc5cf78022eab9de, 80c44995def8ebfb2590fef04bf48a74ffdda540ef5056e70194012e364c15ab, 804399c82973abcc6706a9c0545a1cd001dd2318303ef9b05ac3ce050d6c42c5
807c30d95f7ce74446452fe8e87b04183e276df263937ec6536bbbc59f80220d, 80c61590f93fa68aea6d53e38acedc9b3ae3f261532aa935c0247eecca485e56, 80e7bc9429a201869dbca368c8ebc5d37353be72884901b11660e67cf261defa, 80c7bc27d05fd259bacf7679331f423174fefd98dd92feb5dc5cf78022eab9de, 80032fa677e7e3d8742740c557e093e7eb676da6326c11aabf5f2e235a035bb4, 80520e6eedbe6a2ac52d722f194755b745cc204234522b136e8297dabadbedd0, 804966d6a2b65fe536e1442b4014c10495da8d375ad368da20a901d77cca3774, 806a58c096e25059c6525803022b0a3e26679dd755e45fcbaf82423165d93dc4, 808f1f0dcbca78dc9dadc1e78cf4668080a9459fa2bb574e98725e770baf821d
80b0b86aa3c699614d55a4d69d405b80453124917c969bc2373bc319540471b8, 80c739685e8a64955845e4d97a9a786c482c60ce169eaa3f8e510d0cc824b438, 80041eeed41ab4e7d597321769d3a61448e178b7961ee0319b163f606ec886c1, 8056291ee70242eb0c0726ebe6f841450be291b46d4d7c7f0e1c7c7cba5d56ed, 8093481fdf2aa38ad392cdec85e79a969650c4eeada08dc31faa8e24db0ebfe9, 80f1b027111b8edf953499be5b3c0ca3856d0ae99e583406c810b4d9bf8025f5, 803867018f92ff4a01c297382e85776f36c07f8e62ef8ef4084d69832729a32f, 80bef5ccb079bd893185dac33ceffeb27e14cd1e690425919c15318b208c0a35, 8082cf1f748a42a2e291bd17a6d06bcbb632f1a427265c2d6a21a6b55cc67e64
80c13faa21ce8665dcb16682313df79a921ccbf459e87845d8d2eed16ed4e831, 80c739685e8a64955845e4d97a9a786c482c60ce169eaa3f8e510d0cc824b438, 80aec2a337225f4f0046f5bb9a934410a661eb5b21d24118cb8e5c22d0df1916, 80ee3667ac8dc99ae523815ca9854005c8d8a1ccd7741d432e6ef54239826953, 80520e6eedbe6a2ac52d722f194755b745cc204234522b136e8297dabadbedd0, 80bf0dad09b333c4f333fc4ed9cff943d776a5b381bc0d271f3f0391af6af504, 8076a4cabb7b132d950c8f490bd7bfa038361c8310b2c20411986051297e380e, 80bef5ccb079bd893185dac33ceffeb27e14cd1e690425919c15318b208c0a35, 802642772e63cb83a32fc5bec6fa5312b6880ede0cb0ede15f9c8522beec405f
8059fb65e36892d4e329e1c29ed9dd1aff715d7d56384c8a3ec6eda368d6d10f, 80c739685e8a64955845e4d97a9a786c482c60ce169eaa3f8e510d0cc824b438, 8037c3999e3067a6bd47f6bb2dcd11cdb2a5a6fedc8012ad394a04a1c2bc3324, 80cb33fb9ab1234976b6869d5dc38f21c27bd9cc59eb75853959da5e6e6b4861, 8013611064efab410653f7760cb68b4be8c7ad4194830e722b23a35fd35c6eb5, 80bf0dad09b333c4f333fc4ed9cff943d776a5b381bc0d271f3f0391af6af504, 8022256b784037950487b5e69d73c4a18e03aeaa1de20d01f066af4da1942b5f, 803ff9ea618d3bfbad21ebb94a36e15dcabbaec4357a09fcf6a39d0637428655, 8093d09924cc8d967f01aef31354daa8f74e873d031a89471825aa8412e7ee43
80d7c13764ac845e34f0a26bee5898c1bc31a6301abaf424f91a3dafa9870996, 80c739685e8a64955845e4d97a9a786c482c60ce169eaa3f8e510d0cc824b438, 80cb33fb9ab1234976b6869d5dc38f21c27bd9cc59eb75853959da5e6e6b4861, 8013611064efab410653f7760cb68b4be8c7ad4194830e722b23a35fd35c6eb5, 808327b32d64c3ca764ff826075c017bd45356d9d5d5206a41c405407a32b875, 80c7bc27d05fd259bacf7679331f423174fefd98dd92feb5dc5cf78022eab9de, 80ae79c4afdf99838550e3400eacfc5da39fbfc01468983f453b643e0dd3a4f5, 80a2fe0e5e2570c6681346c2c9bb9ec8144d948e4f892535791a33f7dc718907, 806900fb3e99e7e01d3f73bc1cd0d2372214e6c1e776b37e30e785a5919693d4
80cd28bef8109d9c046722ff285e5634d6c2e00a001b1fb6267cd19e5cfd46e8, 80c739685e8a64955845e4d97a9a786c482c60ce169eaa3f8e510d0cc824b438, 8079a6303f537c612c984d92d613bc5696deeeadb34695788f72a12019f99c65, 80167d4860ee84504b2d827e109005582d93f9c195476ed0a4a85b33ef379c5f, 809ff0aa296e44ecd5a61ff351cac1031a36f7947d56ae5d2a56be1148825198, 80e91bd5e21e2ed4523691ab13ceed9a058f6e9fbadd6c49eae2a8d313e21cba, 80993ecb6977481a1eac7662e5c213dd041cd3249d81c0795878f10f37736c8c, 802c8cd751805dbc12ef4eb127f3493111b8420417091667e5de8f595fcbc19b, 805008962d1001d30368c7caeaaadede7729a1973848ee98058e7b23f209ea6c
80c9c7b5bfe5c3811c33af2632cd3a6cac5b42acac7b34f57c9331db25add558, 80c739685e8a64955845e4d97a9a786c482c60ce169eaa3f8e510d0cc824b438, 807a9ee2dedb827adf1caebf33b7471f27abd40028bf2699cf151ca90023b41a, 8061630c319efd414b4dd38b5eff44107a9caedacf00553cd4c9b05e0cd5f080, 8056291ee70242eb0c0726ebe6f841450be291b46d4d7c7f0e1c7c7cba5d56ed, 806f78d3f052e2d51e9dcbd401271e3019de8130b658cba42e695384c58c07bf, 808ba1cd69b5831451912915a11d4d26d818f1f48a11945946c0b50eee988bf9, 806900fb3e99e7e01d3f73bc1cd0d2372214e6c1e776b37e30e785a5919693d4, 80993ecb6977481a1eac7662e5c213dd041cd3249d81c0795878f10f37736c8c
805756ea370c3a70b9d4cce93d004ba611715fc5b0723aa10d3fb6c588da1980, 80c739685e8a64955845e4d97a9a786c482c60ce169eaa3f8e510d0cc824b438, 80b559b157fcd3253a0bceb484ef66c7be0bba723dee6284c7e2570aee94aa63, 807a9ee2dedb827adf1caebf33b7471f27abd40028bf2699cf151ca90023b41a, 8021157fca1eac32cad60e2dad8af70b3fe53c476bef53d5f7e11ad01a28d5fd, 80046712ef92840c4e48ce80e20a354db363d544d0b3864444e003302033d90c, 804399c82973abcc6706a9c0545a1cd001dd2318303ef9b05ac3ce050d6c42c5, 80993ecb6977481a1eac7662e5c213dd041cd3249d81c0795878f10f37736c8c, 802b453d3d0d54410ee057c2a21d99566a112404b3043293a1ef4ca2d04bd37e
80ea79828f100b0c27e21fb4ea2a9c9fbfc0620a5540ded3d60e3294758c926b, 80041eeed41ab4e7d597321769d3a61448e178b7961ee0319b163f606ec886c1, 80cba00edcf32c33c93c89dc26142885baec3bae77874c69a0415e5b5db653b8, 80032fa677e7e3d8742740c557e093e7eb676da6326c11aabf5f2e235a035bb4, 802ed0a85bdeb87887b0f720d6323446cb3c06e7a70b7801bb28b52a7a7e7116, 8036250e92573a7a521f0e037b0e170c8fdef1a79cf54be5bfbf4cb3223a7b0a, 80e49dd2d08b5a6c2544a90e2a5df80b17697107bfb59d64fbf74adf08da5b4a, 8093d09924cc8d967f01aef31354daa8f74e873d031a89471825aa8412e7ee43, 80537c8c1d781d17eec7d2f0594ec85403a9dce0e874488e311c8718dbd5d8d0
801b95a60bd8bff9db7d9e1b0396894c0d4aaf9bd2eed02b13332a4de050a27a, 80041eeed41ab4e7d597321769d3a61448e178b7961ee0319b163f606ec886c1, 80bcfbfa6c89f441c7f46edde44f0a89e197f874331e2cb6e0c9df2e90175202, 80ee3667ac8dc99ae523815ca9854005c8d8a1ccd7741d432e6ef54239826953, 80ca494df675e995d014fb950b5445451b804a8f6a8bdfe5f71782584658eb96, 80e91bd5e21e2ed4523691ab13ceed9a058f6e9fbadd6c49eae2a8d313e21cba, 80b5978dd8195940dae2e04e6d5f3ed7e53c787aa34b41176ef7e267a9039aee, 80f1b027111b8edf953499be5b3c0ca3856d0ae99e583406c810b4d9bf8025f5, 80d3bbc48820c0447ca75d0f14bdb4dabc6f24b61015a26f38588965c964972b
800dabec095813051151caa18af14415456e9123939dead1d0f3680f660e6146, 80041eeed41ab4e7d597321769d3a61448e178b7961ee0319b163f606ec886c1, 806d13bfc9f3f39e186b174ca9ce5812331227ab6e470301b3bfd1eb8f036da0, 8083f82832d62756815144c70808cb3147b65224e1fbbe92b5638d0151e68f87, 80ca494df675e995d014fb950b5445451b804a8f6a8bdfe5f71782584658eb96, 80bf0dad09b333c4f333fc4ed9cff943d776a5b381bc0d271f3f0391af6af504, 808f1f0dcbca78dc9dadc1e78cf4668080a9459fa2bb574e98725e770baf821d, 8071675174c6d02e81c28a3ac30de1f9b65b3bac22a1f4c9dfe821f24f00b1c8, 805a34077dccc1464bdca9c5ec1b642163c1601ef8d5fbee111f80213165e255
8091c70b61b2faf5ea73bf988bbe2e53327564d20cdcdabb8a777d2980487a9f, 80041eeed41ab4e7d597321769d3a61448e178b7961ee0319b163f606ec886c1, 8037c3999e3067a6bd47f6bb2dcd11cdb2a5a6fedc8012ad394a04a1c2bc3324, 80b156c06ed419e7f16370ef1d3d2b18bb8762eb3174c0712d8389fbf92a318e, 80a783981ca71660127b8bff3efd1006a6662e6b17ff68b40342d173deb51712, 802ed0a85bdeb87887b0f720d6323446cb3c06e7a70b7801bb28b52a7a7e7116, 804399c82973abcc6706a9c0545a1cd001dd2318303ef9b05ac3ce050d6c42c5, 8071675174c6d02e81c28a3ac30de1f9b65b3bac22a1f4c9dfe821f24f00b1c8, 802c8cd751805dbc12ef4eb127f3493111b8420417091667e5de8f595fcbc19b
80beab2cfb2592a05d466939c55102b025f348e76b15844edde24b6849e1af8a, 80041eeed41ab4e7d597321769d3a61448e178b7961ee0319b163f606ec886c1, 8093481fdf2aa38ad392cdec85e79a969650c4eeada08dc31faa8e24db0ebfe9, 8056f1aaaa9bd1d38e65523796629711d1b64347f31ca47ba437667182cb83f7, 800629e04b4919375335f1125bb92455f8fe495e45c65057212b2764b3180139, 80881280b0a8a6cea711947facff9a53f09c6fbe0372548af16780aef30cfbd5, 806900fb3e99e7e01d3f73bc1cd0d2372214e6c1e776b37e30e785a5919693d4, 802c8cd751805dbc12ef4eb127f3493111b8420417091667e5de8f595fcbc19b, 80d0983ca2c19fdd18aa5f8ee7bb5b9ef7fbe323b4d22c345d2a75f8055d4337
80a81a79a7f50d0bcf39717c97b3a16c9c033b654a62ffd678c5bebd3258a131, 80041eeed41ab4e7d597321769d3a61448e178b7961ee0319b163f606ec886c1, 800629e04b4919375335f1125bb92455f8fe495e45c65057212b2764b3180139, 801ed24acd982b6d120a6fd7e8a9987679da4b58c743e22f0f27bd3dd00343c9, 80950da9809b6d7c69d128f8f5e30506d079b74c43fb86659ad2ffc152bba1ee, 806f78d3f052e2d51e9dcbd401271e3019de8130b658cba42e695384c58c07bf, 8036250e92573a7a521f0e037b0e170c8fdef1a79cf54be5bfbf4cb3223a7b0a, 802642772e63cb83a32fc5bec6fa5312b6880ede0cb0ede15f9c8522beec405f, 8082cf1f748a42a2e291bd17a6d06bcbb632f1a427265c2d6a21a6b55cc67e64
80aee8339e38ad480644f5cea20e24f29a933e11c7f22836d78c292a341a2f94, 80041eeed41ab4e7d597321769d3a61448e178b7961ee0319b163f606ec886c1, 8037c3999e3067a6bd47f6bb2dcd11cdb2a5a6fedc8012ad394a04a1c2bc3324, 80c28201650194d508d599b2fc44ffd3e47006aa2c4953fc258a8987fb11214f, 80cb33fb9ab1234976b6869d5dc38f21c27bd9cc59eb75853959da5e6e6b4861, 808327b32d64c3ca764ff826075c017bd45356d9d5d5206a41c405407a32b875, 80ee3667ac8dc99ae523815ca9854005c8d8a1ccd7741d432e6ef54239826953, 80e49dd2d08b5a6c2544a90e2a5df80b17697107bfb59d64fbf74adf08da5b4a, 80446077eeaf3aee8195e734c9ea7b89c3d72ed22cd3847262b7934ce3e1fbc6
80b0059ae858fbb9e7f75e3486fe18e2a790686aca98203859c3250237169c88, 80041eeed41ab4e7d597321769d3a61448e178b7961ee0319b163f606ec886c1, 807a9ee2dedb827adf1caebf33b7471f27abd40028bf2699cf151ca90023b41a, 80b7219000eefc412deb295259272ca5c48ba902ce5fd1baac7c018d9cd35650, 806d13bfc9f3f39e186b174ca9ce5812331227ab6e470301b3bfd1eb8f036da0, 80a8a2b53814ca6cb5c2ebea45b5c7959229dc1547f9844b6f1c227fc1c3bd80, 80d299b935b8b6635f1011feeb15478b95ba994876e2d1394a01340c91d5efa7, 803867018f92ff4a01c297382e85776f36c07f8e62ef8ef4084d69832729a32f, 80c0c689324953a42f43c6715b2505b95336d96d0e5ad521a366bd42a0d5d442
80d56e79fe6e049af67ae8407dd5b8299dfc2bc3759c2af0f0849c18636e8cb8, 8037c3999e3067a6bd47f6bb2dcd11cdb2a5a6fedc8012ad394a04a1c2bc3324, 800629e04b4919375335f1125bb92455f8fe495e45c65057212b2764b3180139, 8061630c319efd414b4dd38b5eff44107a9caedacf00553cd4c9b05e0cd5f080, 80b156c06ed419e7f16370ef1d3d2b18bb8762eb3174c0712d8389fbf92a318e, 80384e9ce9e38aadb73b6ead88b34c87c7ec464ae3d8df6b16ef9c9cb43b5f5d, 802ed0a85bdeb87887b0f720d6323446cb3c06e7a70b7801bb28b52a7a7e7116, 80b5978dd8195940dae2e04e6d5f3ed7e53c787aa34b41176ef7e267a9039aee, 8093481fdf2aa38ad392cdec85e79a969650c4eeada08dc31faa8e24db0ebfe9
806186fe95f9a33cde98ed62d764f5b7472439864ba1f08e0c35e7f3d46efced, 801d73abcf100e33d199c1d405e365eb870ec09da9957910a6d39b5c57761d70, 80a6c0f532a28eed81748d3f4515ac4210bb339ea6e62c5b9f32bb7092aae6c0, 800dd4461e85ca4117370f7bed0322e881f4d7cb475d89c3b5ecaca73b551265, 8056291ee70242eb0c0726ebe6f841450be291b46d4d7c7f0e1c7c7cba5d56ed, 80a8828d1fc7b5cad96214b391c016a55ccb2440c41a41becd9b7950e96a0005, 80a51227317f965051b15de4fbd27815878b01fb7382abdd19b751c8046870e5, 80267238192bdd6c25433d35b0594b930646e6a929845cbd3ec2863c0a51efd7, 802b453d3d0d54410ee057c2a21d99566a112404b3043293a1ef4ca2d04bd37e
80075624cf266ffc5be4abd40b1e8f29dcf468f745495eb5f44cfbaea49b5245, 80bb5f00dd3dbf4300bdde4f17c4c090b11870d9a50e2bfde9347cf8053c68b5, 807a9ee2dedb827adf1caebf33b7471f27abd40028bf2699cf151ca90023b41a, 80520e6eedbe6a2ac52d722f194755b745cc204234522b136e8297dabadbedd0, 80384e9ce9e38aadb73b6ead88b34c87c7ec464ae3d8df6b16ef9c9cb43b5f5d, 8056f1aaaa9bd1d38e65523796629711d1b64347f31ca47ba437667182cb83f7, 808ba1cd69b5831451912915a11d4d26d818f1f48a11945946c0b50eee988bf9, 804966d6a2b65fe536e1442b4014c10495da8d375ad368da20a901d77cca3774, 80e2da1d92fe71211e40361ff84ba644252143b85670273e37b0b5b8ba95d393
8088851174ff7d72ead36417c18d685eef201d4eeaa042370efce5e8284e4a66, 80bb5f00dd3dbf4300bdde4f17c4c090b11870d9a50e2bfde9347cf8053c68b5, 801ed24acd982b6d120a6fd7e8a9987679da4b58c743e22f0f27bd3dd00343c9, 807e5915118f1b9e14f9028d9c1c50093802dd709c948d7c4f01a2b3cfead46f, 80384e9ce9e38aadb73b6ead88b34c87c7ec464ae3d8df6b16ef9c9cb43b5f5d, 804966d6a2b65fe536e1442b4014c10495da8d375ad368da20a901d77cca3774, 80921dd745c76bf5c138ddee3bb11d392e7bedb01eb40f387db82373f1ac0418, 80993ecb6977481a1eac7662e5c213dd041cd3249d81c0795878f10f37736c8c, 80d3829493cf3dac158362e384e58769fcf0ae160823f7db06eab6d3a816ab04
80470724476c51a50911945f662f2616f42ba74ca4abfd0fc759a7e80c62a2db, 80bb5f00dd3dbf4300bdde4f17c4c090b11870d9a50e2bfde9347cf8053c68b5, 80b559b157fcd3253a0bceb484ef66c7be0bba723dee6284c7e2570aee94aa63, 8079a6303f537c612c984d92d613bc5696deeeadb34695788f72a12019f99c65, 80c7bc27d05fd259bacf7679331f423174fefd98dd92feb5dc5cf78022eab9de, 806f78d3f052e2d51e9dcbd401271e3019de8130b658cba42e695384c58c07bf, 8056f1aaaa9bd1d38e65523796629711d1b64347f31ca47ba437667182cb83f7, 80d0cb23367587b2bc8bcd4830c332b065407b61eb604e9c097fed31e83ec2e3, 80db979c8938c5adbbca1bf9310a0bfd46891eca00b167568259029c7876017d
801d0730e070818d782dc3b181a8f71229ed65722d7b437e7533c11791403512, 80bb5f00dd3dbf4300bdde4f17c4c090b11870d9a50e2bfde9347cf8053c68b5, 80c28201650194d508d599b2fc44ffd3e47006aa2c4953fc258a8987fb11214f, 806d13bfc9f3f39e186b174ca9ce5812331227ab6e470301b3bfd1eb8f036da0, 8083f82832d62756815144c70808cb3147b65224e1fbbe92b5638d0151e68f87, 802ed0a85bdeb87887b0f720d6323446cb3c06e7a70b7801bb28b52a7a7e7116, 8071675174c6d02e81c28a3ac30de1f9b65b3bac22a1f4c9dfe821f24f00b1c8, 80e7a7b7c521063621c6c397975a0f67b64fcc14943b12389fba083e430a516d, 802642772e63cb83a32fc5bec6fa5312b6880ede0cb0ede15f9c8522beec405f
80044ceaee4336a7f68685cf95a8947282e7fb80151715c14b0ee226f24d65b4, 80b559b157fcd3253a0bceb484ef66c7be0bba723dee6284c7e2570aee94aa63, 80e7bc9429a201869dbca368c8ebc5d37353be72884901b11660e67cf261defa, 802ed0a85bdeb87887b0f720d6323446cb3c06e7a70b7801bb28b52a7a7e7116, 80f1b027111b8edf953499be5b3c0ca3856d0ae99e583406c810b4d9bf8025f5, 80e2da1d92fe71211e40361ff84ba644252143b85670273e37b0b5b8ba95d393, 80c44995def8ebfb2590fef04bf48a74ffdda540ef5056e70194012e364c15ab, 8071675174c6d02e81c28a3ac30de1f9b65b3bac22a1f4c9dfe821f24f00b1c8, 8082cf1f748a42a2e291bd17a6d06bcbb632f1a427265c2d6a21a6b55cc67e64
80525ecf39e2a3c39640bd7acda5b814d1ee6f5ecc9c38d0e9a3ee34e2af66f8, 80b559b157fcd3253a0bceb484ef66c7be0bba723dee6284c7e2570aee94aa63, 806c312581cd63aeea5e462aa2a8d06e59a44317562ada892691d66430156ef0, 80cb33fb9ab1234976b6869d5dc38f21c27bd9cc59eb75853959da5e6e6b4861, 806d13bfc9f3f39e186b174ca9ce5812331227ab6e470301b3bfd1eb8f036da0, 80aac56b4f07df115a9d3e599bb3cee1a7f5b83f5c3ef4d10fc3f0be111cdd62, 80e49dd2d08b5a6c2544a90e2a5df80b17697107bfb59d64fbf74adf08da5b4a, 805a34077dccc1464bdca9c5ec1b642163c1601ef8d5fbee111f80213165e255, 80db979c8938c5adbbca1bf9310a0bfd46891eca00b167568259029c7876017d
8063bfcbb9cc804c1c8c03242f2532968d83bdd5470bab950e7645a5c626c48f, 80b559b157fcd3253a0bceb484ef66c7be0bba723dee6284c7e2570aee94aa63, 800f9aeff97bb2fbfb2cba89dec732df0b6375672a9fb895e65890b6740c7afd, 80305b1502c0ce82392fb9438120fab1b19f8b26c84063685e93fae8ffafebd9, 800dd4461e85ca4117370f7bed0322e881f4d7cb475d89c3b5ecaca73b551265, 806f78d3f052e2d51e9dcbd401271e3019de8130b658cba42e695384c58c07bf, 80d3bbc48820c0447ca75d0f14bdb4dabc6f24b61015a26f38588965c964972b, 803ff9ea618d3bfbad21ebb94a36e15dcabbaec4357a09fcf6a39d0637428655, 80db979c8938c5adbbca1bf9310a0bfd46891eca00b167568259029c7876017d
801ff55089eb63dd57adb3b6abc44f9ce1dcb2118c3c70196ca9f839eca69261, 80b559b157fcd3253a0bceb484ef66c7be0bba723dee6284c7e2570aee94aa63, 80cba00edcf32c33c93c89dc26142885baec3bae77874c69a0415e5b5db653b8, 8021157fca1eac32cad60e2dad8af70b3fe53c476bef53d5f7e11ad01a28d5fd, 80bcfbfa6c89f441c7f46edde44f0a89e197f874331e2cb6e0c9df2e90175202, 80267238192bdd6c25433d35b0594b930646e6a929845cbd3ec2863c0a51efd7, 80a8a2b53814ca6cb5c2ebea45b5c7959229dc1547f9844b6f1c227fc1c3bd80, 806a58c096e25059c6525803022b0a3e26679dd755e45fcbaf82423165d93dc4, 80e49dd2d08b5a6c2544a90e2a5df80b17697107bfb59d64fbf74adf08da5b4a
80ec268d8077524f60da5321571e809ee38160cc79027c9083726474bebe2add, 80b559b157fcd3253a0bceb484ef66c7be0bba723dee6284c7e2570aee94aa63, 800f9aeff97bb2fbfb2cba89dec732df0b6375672a9fb895e65890b6740c7afd, 8061630c319efd414b4dd38b5eff44107a9caedacf00553cd4c9b05e0cd5f080, 80cba00edcf32c33c93c89dc26142885baec3bae77874c69a0415e5b5db653b8, 80cb33fb9ab1234976b6869d5dc38f21c27bd9cc59eb75853959da5e6e6b4861, 802aae585a3115e57b6a1374f14ae2a8573667c79c47490a9570cb7f67c63a5e, 806900fb3e99e7e01d3f73bc1cd0d2372214e6c1e776b37e30e785a5919693d4, 802c8cd751805dbc12ef4eb127f3493111b8420417091667e5de8f595fcbc19b
80ed944811aabfd22c4aae883e8cfb1d8703a2478d756bf4eb3631063b70a9d1, 8088f36146cbabd8b717c2b11bb86c29c5714c16141ce9176a2db6026d28a867, 807a9ee2dedb827adf1caebf33b7471f27abd40028bf2699cf151ca90023b41a, 809c25b736b50806567d6d133558b113eea93bd47303cfacde27d2bb304ab318, 808327b32d64c3ca764ff826075c017bd45356d9d5d5206a41c405407a32b875, 80e2da1d92fe71211e40361ff84ba644252143b85670273e37b0b5b8ba95d393, 8093d09924cc8d967f01aef31354daa8f74e873d031a89471825aa8412e7ee43, 805008962d1001d30368c7caeaaadede7729a1973848ee98058e7b23f209ea6c, 807c79df9bf47b21e609bd930291be0d77aafa161cf3d88504840829bc89697e
806d362681a8af8d94b37edeb701d02d72207c1b3bfd83c6b94c393acc6ae7f7, 8088f36146cbabd8b717c2b11bb86c29c5714c16141ce9176a2db6026d28a867, 80c7bc27d05fd259bacf7679331f423174fefd98dd92feb5dc5cf78022eab9de, 80a51227317f965051b15de4fbd27815878b01fb7382abdd19b751c8046870e5, 80c44995def8ebfb2590fef04bf48a74ffdda540ef5056e70194012e364c15ab, 804399c82973abcc6706a9c0545a1cd001dd2318303ef9b05ac3ce050d6c42c5, 80eb92704589ab9a988e953f8d310367fa75981c54421ba637311537aeedb317, 8071675174c6d02e81c28a3ac30de1f9b65b3bac22a1f4c9dfe821f24f00b1c8, 809874d69967577b5dec90d63c342bae16d1af16eb681a6de4ed8032b55215a2
803f90450ca6da0d037e3a1f7a2005acdc1245025f3cccb6678b1396a155dd5c, 8088f36146cbabd8b717c2b11bb86c29c5714c16141ce9176a2db6026d28a867, 80046712ef92840c4e48ce80e20a354db363d544d0b3864444e003302033d90c, 802ed0a85bdeb87887b0f720d6323446cb3c06e7a70b7801bb28b52a7a7e7116, 80e49dd2d08b5a6c2544a90e2a5df80b17697107bfb59d64fbf74adf08da5b4a, 80d0983ca2c19fdd18aa5f8ee7bb5b9ef7fbe323b4d22c345d2a75f8055d4337, 80993ecb6977481a1eac7662e5c213dd041cd3249d81c0795878f10f37736c8c, 80d0cb23367587b2bc8bcd4830c332b065407b61eb604e9c097fed31e83ec2e3, 80537c8c1d781d17eec7d2f0594ec85403a9dce0e874488e311c8718dbd5d8d0
800a1f84fa2dcd94ae26adf1374e58dca288b0b79fe31a50d932ba95300d13cb, 8088f36146cbabd8b717c2b11bb86c29c5714c16141ce9176a2db6026d28a867, 800629e04b4919375335f1125bb92455f8fe495e45c65057212b2764b3180139, 80c28201650194d508d599b2fc44ffd3e47006aa2c4953fc258a8987fb11214f, 80d299b935b8b6635f1011feeb15478b95ba994876e2d1394a01340c91d5efa7, 808ba1cd69b5831451912915a11d4d26d818f1f48a11945946c0b50eee988bf9, 804399c82973abcc6706a9c0545a1cd001dd2318303ef9b05ac3ce050d6c42c5, 80c0c689324953a42f43c6715b2505b95336d96d0e5ad521a366bd42a0d5d442, 805a34077dccc1464bdca9c5ec1b642163c1601ef8d5fbee111f80213165e255
808b88a8dfb20dbd0830bbf6032bc5737003980b24151e222f7c43adf2f716da, 8079a6303f537c612c984d92d613bc5696deeeadb34695788f72a12019f99c65, 802aae585a3115e57b6a1374f14ae2a8573667c79c47490a9570cb7f67c63a5e, 80ca494df675e995d014fb950b5445451b804a8f6a8bdfe5f71782584658eb96, 808ba1cd69b5831451912915a11d4d26d818f1f48a11945946c0b50eee988bf9, 80b5978dd8195940dae2e04e6d5f3ed7e53c787aa34b41176ef7e267a9039aee, 803867018f92ff4a01c297382e85776f36c07f8e62ef8ef4084d69832729a32f, 8071675174c6d02e81c28a3ac30de1f9b65b3bac22a1f4c9dfe821f24f00b1c8, 80c0c689324953a42f43c6715b2505b95336d96d0e5ad521a366bd42a0d5d442
8004fa14b80eff1b6d89e8026ed7ffeb2a949f4559265d9491688ced33ee65fe, 8079a6303f537c612c984d92d613bc5696deeeadb34695788f72a12019f99c65, 80aec2a337225f4f0046f5bb9a934410a661eb5b21d24118cb8e5c22d0df1916, 80c7bc27d05fd259bacf7679331f423174fefd98dd92feb5dc5cf78022eab9de, 8083f82832d62756815144c70808cb3147b65224e1fbbe92b5638d0151e68f87, 808ba1cd69b5831451912915a11d4d26d818f1f48a11945946c0b50eee988bf9, 8093481fdf2aa38ad392cdec85e79a969650c4eeada08dc31faa8e24db0ebfe9, 803ff9ea618d3bfbad21ebb94a36e15dcabbaec4357a09fcf6a39d0637428655, 80d0983ca2c19fdd18aa5f8ee7bb5b9ef7fbe323b4d22c345d2a75f8055d4337
80b3bae987056c671c42b3765a9bf3b1b159fa83112f7295bd16072bc4ec1a3f, 8079a6303f537c612c984d92d613bc5696deeeadb34695788f72a12019f99c65, 8021b1c3333a981ed4535e42076ba656b6ac0cd4d7412aa5773529e3d9a29fa6, 806d13bfc9f3f39e186b174ca9ce5812331227ab6e470301b3bfd1eb8f036da0, 80a8a2b53814ca6cb5c2ebea45b5c7959229dc1547f9844b6f1c227fc1c3bd80, 80046712ef92840c4e48ce80e20a354db363d544d0b3864444e003302033d90c, 8093481fdf2aa38ad392cdec85e79a969650c4eeada08dc31faa8e24db0ebfe9, 80921dd745c76bf5c138ddee3bb11d392e7bedb01eb40f387db82373f1ac0418, 805008962d1001d30368c7caeaaadede7729a1973848ee98058e7b23f209ea6c
801213d61c9b970f0a7cf3643842c42305656899dbd61875818cef20f7eb0d72, 80aec2a337225f4f0046f5bb9a934410a661eb5b21d24118cb8e5c22d0df1916, 80c7bc27d05fd259bacf7679331f423174fefd98dd92feb5dc5cf78022eab9de, 80a51227317f965051b15de4fbd27815878b01fb7382abdd19b751c8046870e5, 80ca494df675e995d014fb950b5445451b804a8f6a8bdfe5f71782584658eb96, 80ae79c4afdf99838550e3400eacfc5da39fbfc01468983f453b643e0dd3a4f5, 80d299b935b8b6635f1011feeb15478b95ba994876e2d1394a01340c91d5efa7, 80bf0dad09b333c4f333fc4ed9cff943d776a5b381bc0d271f3f0391af6af504, 80537c8c1d781d17eec7d2f0594ec85403a9dce0e874488e311c8718dbd5d8d0
802f5280b17cf220d10af0a1bf96e23e2542cc2aa2f4ec1bb6c59988cdf3e54e, 80aec2a337225f4f0046f5bb9a934410a661eb5b21d24118cb8e5c22d0df1916, 802aae585a3115e57b6a1374f14ae2a8573667c79c47490a9570cb7f67c63a5e, 800dd4461e85ca4117370f7bed0322e881f4d7cb475d89c3b5ecaca73b551265, 80950da9809b6d7c69d128f8f5e30506d079b74c43fb86659ad2ffc152bba1ee, 80384e9ce9e38aadb73b6ead88b34c87c7ec464ae3d8df6b16ef9c9cb43b5f5d, 80e91bd5e21e2ed4523691ab13ceed9a058f6e9fbadd6c49eae2a8d313e21cba, 80bf0dad09b333c4f333fc4ed9cff943d776a5b381bc0d271f3f0391af6af504, 80b5978dd8195940dae2e04e6d5f3ed7e53c787aa34b41176ef7e267a9039aee
80b556f27ac20e882ad039eec631c21743cf88d1dbf728dc62c9f802141b44fb, 80a6c0f532a28eed81748d3f4515ac4210bb339ea6e62c5b9f32bb7092aae6c0, 806c312581cd63aeea5e462aa2a8d06e59a44317562ada892691d66430156ef0, 80b7219000eefc412deb295259272ca5c48ba902ce5fd1baac7c018d9cd35650, 802aae585a3115e57b6a1374f14ae2a8573667c79c47490a9570cb7f67c63a5e, 80ee3667ac8dc99ae523815ca9854005c8d8a1ccd7741d432e6ef54239826953, 80eb92704589ab9a988e953f8d310367fa75981c54421ba637311537aeedb317, 803fb427ac7d2b8cc15c1ceb9077caa483a4694946ce1a252e7158ee72178789, 80d3829493cf3dac158362e384e58769fcf0ae160823f7db06eab6d3a816ab04
8056aa800661db9137621bed31b121a2749ec1416dac7ae941cd84338c3c6ca7, 800f9aeff97bb2fbfb2cba89dec732df0b6375672a9fb895e65890b6740c7afd, 8021157fca1eac32cad60e2dad8af70b3fe53c476bef53d5f7e11ad01a28d5fd, 809ff0aa296e44ecd5a61ff351cac1031a36f7947d56ae5d2a56be1148825198, 8005dfb3469a348ea093a95f622271c63c902d3720989b4584a191144f19ec55, 8093481fdf2aa38ad392cdec85e79a969650c4eeada08dc31faa8e24db0ebfe9, 806a58c096e25059c6525803022b0a3e26679dd755e45fcbaf82423165d93dc4, 80c0c689324953a42f43c6715b2505b95336d96d0e5ad521a366bd42a0d5d442, 80db979c8938c5adbbca1bf9310a0bfd46891eca00b167568259029c7876017d
8003849f6a3411e3e5403e61109fcf34096ec0514db2a9816c17a0ee443c308a, 8021157fca1eac32cad60e2dad8af70b3fe53c476bef53d5f7e11ad01a28d5fd, 8021b1c3333a981ed4535e42076ba656b6ac0cd4d7412aa5773529e3d9a29fa6, 800dd4461e85ca4117370f7bed0322e881f4d7cb475d89c3b5ecaca73b551265, 80c7bc27d05fd259bacf7679331f423174fefd98dd92feb5dc5cf78022eab9de, 806a58c096e25059c6525803022b0a3e26679dd755e45fcbaf82423165d93dc4, 80d3bbc48820c0447ca75d0f14bdb4dabc6f24b61015a26f38588965c964972b, 80c0c689324953a42f43c6715b2505b95336d96d0e5ad521a366bd42a0d5d442, 80e7a7b7c521063621c6c397975a0f67b64fcc14943b12389fba083e430a516d
808042801448db1c0be091fb080e42fb84fbdcf61e216200ab00f507f6218159, 8021b1c3333a981ed4535e42076ba656b6ac0cd4d7412aa5773529e3d9a29fa6, 80ca494df675e995d014fb950b5445451b804a8f6a8bdfe5f71782584658eb96, 80950da9809b6d7c69d128f8f5e30506d079b74c43fb86659ad2ffc152bba1ee, 806f78d3f052e2d51e9dcbd401271e3019de8130b658cba42e695384c58c07bf, 8093481fdf2aa38ad392cdec85e79a969650c4eeada08dc31faa8e24db0ebfe9, 804399c82973abcc6706a9c0545a1cd001dd2318303ef9b05ac3ce050d6c42c5, 80993ecb6977481a1eac7662e5c213dd041cd3249d81c0795878f10f37736c8c, 80537c8c1d781d17eec7d2f0594ec85403a9dce0e874488e311c8718dbd5d8d0
8095fa5e1620a16eed66e37d74ae8e2474714d32ef9ff1f89df67f2867ce92be, 8021b1c3333a981ed4535e42076ba656b6ac0cd4d7412aa5773529e3d9a29fa6, 809c25b736b50806567d6d133558b113eea93bd47303cfacde27d2bb304ab318, 808327b32d64c3ca764ff826075c017bd45356d9d5d5206a41c405407a32b875, 80a826aaf65edd59c9afa76206d82552867356d939116819670b65f86cdd82a7, 80d299b935b8b6635f1011feeb15478b95ba994876e2d1394a01340c91d5efa7, 802ed0a85bdeb87887b0f720d6323446cb3c06e7a70b7801bb28b52a7a7e7116, 80446077eeaf3aee8195e734c9ea7b89c3d72ed22cd3847262b7934ce3e1fbc6, 80993ecb6977481a1eac7662e5c213dd041cd3249d81c0795878f10f37736c8c
808973fc5813d87829224dbb92a8d198cf3301e5e6fe55c602f9f72d66e40af4, 8021b1c3333a981ed4535e42076ba656b6ac0cd4d7412aa5773529e3d9a29fa6, 80a51227317f965051b15de4fbd27815878b01fb7382abdd19b751c8046870e5, 80ca494df675e995d014fb950b5445451b804a8f6a8bdfe5f71782584658eb96, 80e91bd5e21e2ed4523691ab13ceed9a058f6e9fbadd6c49eae2a8d313e21cba, 80bf0dad09b333c4f333fc4ed9cff943d776a5b381bc0d271f3f0391af6af504, 805d4281ba592ee6adb146f3779372b7705d2812eab98805efd1f55be12361d0, 80993ecb6977481a1eac7662e5c213dd041cd3249d81c0795878f10f37736c8c, 807c79df9bf47b21e609bd930291be0d77aafa161cf3d88504840829bc89697e
80e8000afebb2180af9bf62d6b9ce7484b15dc5d0885207ccd1a68db2046154f, 806c312581cd63aeea5e462aa2a8d06e59a44317562ada892691d66430156ef0, 80cb33fb9ab1234976b6869d5dc38f21c27bd9cc59eb75853959da5e6e6b4861, 80267238192bdd6c25433d35b0594b930646e6a929845cbd3ec2863c0a51efd7, 80a783981ca71660127b8bff3efd1006a6662e6b17ff68b40342d173deb51712, 80b370e12d60e43c8f0df0f40943c41fb95d64cc69efa5700bfc9dfef18e9978, 80c44995def8ebfb2590fef04bf48a74ffdda540ef5056e70194012e364c15ab, 8071675174c6d02e81c28a3ac30de1f9b65b3bac22a1f4c9dfe821f24f00b1c8, 80db979c8938c5adbbca1bf9310a0bfd46891eca00b167568259029c7876017d
8005092005579b0ca4c636ecb11f29a0bab6d6215cbd05bac7488a544876cd6f, 80b7219000eefc412deb295259272ca5c48ba902ce5fd1baac7c018d9cd35650, 80b156c06ed419e7f16370ef1d3d2b18bb8762eb3174c0712d8389fbf92a318e, 8083f82832d62756815144c70808cb3147b65224e1fbbe92b5638d0151e68f87, 80ca494df675e995d014fb950b5445451b804a8f6a8bdfe5f71782584658eb96, 80b370e12d60e43c8f0df0f40943c41fb95d64cc69efa5700bfc9dfef18e9978, 8093d09924cc8d967f01aef31354daa8f74e873d031a89471825aa8412e7ee43, 803fb427ac7d2b8cc15c1ceb9077caa483a4694946ce1a252e7158ee72178789, 80d3829493cf3dac158362e384e58769fcf0ae160823f7db06eab6d3a816ab04
807fe81d32febc692d867bcb18012ed6713f0800f674817ba9f4e3186c87c608, 809c25b736b50806567d6d133558b113eea93bd47303cfacde27d2bb304ab318, 801ed24acd982b6d120a6fd7e8a9987679da4b58c743e22f0f27bd3dd00343c9, 80950da9809b6d7c69d128f8f5e30506d079b74c43fb86659ad2ffc152bba1ee, 802ed0a85bdeb87887b0f720d6323446cb3c06e7a70b7801bb28b52a7a7e7116, 8022256b784037950487b5e69d73c4a18e03aeaa1de20d01f066af4da1942b5f, 8093d09924cc8d967f01aef31354daa8f74e873d031a89471825aa8412e7ee43, 80e7a7b7c521063621c6c397975a0f67b64fcc14943b12389fba083e430a516d, 805008962d1001d30368c7caeaaadede7729a1973848ee98058e7b23f209ea6c
80df0a6ff26fce68b2c6179443e5a0e9efd568363909d14e227e700d7a493384, 80c28201650194d508d599b2fc44ffd3e47006aa2c4953fc258a8987fb11214f, 80167d4860ee84504b2d827e109005582d93f9c195476ed0a4a85b33ef379c5f, 80f23cf9dc4820f4e3bd97f66b96f0e140a4e7447015b71b4fee52cdeda49cdb, 80384e9ce9e38aadb73b6ead88b34c87c7ec464ae3d8df6b16ef9c9cb43b5f5d, 80f1b027111b8edf953499be5b3c0ca3856d0ae99e583406c810b4d9bf8025f5, 803233783b4a67733c285047e81868ddd670201dd2da1b22cc22606e72df391b, 80a2fe0e5e2570c6681346c2c9bb9ec8144d948e4f892535791a33f7dc718907, 80d0cb23367587b2bc8bcd4830c332b065407b61eb604e9c097fed31e83ec2e3
804b0b3dcb95a5e7cbb3fe854aa901514cfcf162acf92e2adbc51070a8e5cc7b, 80c28201650194d508d599b2fc44ffd3e47006aa2c4953fc258a8987fb11214f, 80bcfbfa6c89f441c7f46edde44f0a89e197f874331e2cb6e0c9df2e90175202, 80a826aaf65edd59c9afa76206d82552867356d939116819670b65f86cdd82a7, 802ed0a85bdeb87887b0f720d6323446cb3c06e7a70b7801bb28b52a7a7e7116, 806a58c096e25059c6525803022b0a3e26679dd755e45fcbaf82423165d93dc4, 80e2da1d92fe71211e40361ff84ba644252143b85670273e37b0b5b8ba95d393, 80d3bbc48820c0447ca75d0f14bdb4dabc6f24b61015a26f38588965c964972b, 808f1f0dcbca78dc9dadc1e78cf4668080a9459fa2bb574e98725e770baf821d
809a867155960aeba91924583f00fd821eafdcff9ee83cb7723d5e004b18aad0, 80b156c06ed419e7f16370ef1d3d2b18bb8762eb3174c0712d8389fbf92a318e, 80520e6eedbe6a2ac52d722f194755b745cc204234522b136e8297dabadbedd0, 80aac56b4f07df115a9d3e599bb3cee1a7f5b83f5c3ef4d10fc3f0be111cdd62, 808ba1cd69b5831451912915a11d4d26d818f1f48a11945946c0b50eee988bf9, 806a58c096e25059c6525803022b0a3e26679dd755e45fcbaf82423165d93dc4, 8036250e92573a7a521f0e037b0e170c8fdef1a79cf54be5bfbf4cb3223a7b0a, 8093d09924cc8d967f01aef31354daa8f74e873d031a89471825aa8412e7ee43, 80c0c689324953a42f43c6715b2505b95336d96d0e5ad521a366bd42a0d5d442
80375e64c1591ba4d05628f0cf1d8ed2130b39dedc63b5be9308c9009d70783f, 801ed24acd982b6d120a6fd7e8a9987679da4b58c743e22f0f27bd3dd00343c9, 802aae585a3115e57b6a1374f14ae2a8573667c79c47490a9570cb7f67c63a5e, 80446077eeaf3aee8195e734c9ea7b89c3d72ed22cd3847262b7934ce3e1fbc6, 80cb33fb9ab1234976b6869d5dc38f21c27bd9cc59eb75853959da5e6e6b4861, 80b156c06ed419e7f16370ef1d3d2b18bb8762eb3174c0712d8389fbf92a318e, 805a34077dccc1464bdca9c5ec1b642163c1601ef8d5fbee111f80213165e255, 80d299b935b8b6635f1011feeb15478b95ba994876e2d1394a01340c91d5efa7, 802642772e63cb83a32fc5bec6fa5312b6880ede0cb0ede15f9c8522beec405f
8068266ea24d1556b1299f5619be30a24af3115c2c4f61fff718f174c0eab863, 80cb33fb9ab1234976b6869d5dc38f21c27bd9cc59eb75853959da5e6e6b4861, 80e7bc9429a201869dbca368c8ebc5d37353be72884901b11660e67cf261defa, 8083f82832d62756815144c70808cb3147b65224e1fbbe92b5638d0151e68f87, 80520e6eedbe6a2ac52d722f194755b745cc204234522b136e8297dabadbedd0, 80ae79c4afdf99838550e3400eacfc5da39fbfc01468983f453b643e0dd3a4f5, 80921dd745c76bf5c138ddee3bb11d392e7bedb01eb40f387db82373f1ac0418, 80d0983ca2c19fdd18aa5f8ee7bb5b9ef7fbe323b4d22c345d2a75f8055d4337, 8071675174c6d02e81c28a3ac30de1f9b65b3bac22a1f4c9dfe821f24f00b1c8
8046dc4b1e321de328da85ae6ca25763bac50f98ee2dc5a8e081fb3f0b3ef2c3, 800dd4461e85ca4117370f7bed0322e881f4d7cb475d89c3b5ecaca73b551265, 806d13bfc9f3f39e186b174ca9ce5812331227ab6e470301b3bfd1eb8f036da0, 807e5915118f1b9e14f9028d9c1c50093802dd709c948d7c4f01a2b3cfead46f, 8056f1aaaa9bd1d38e65523796629711d1b64347f31ca47ba437667182cb83f7, 806a58c096e25059c6525803022b0a3e26679dd755e45fcbaf82423165d93dc4, 80921dd745c76bf5c138ddee3bb11d392e7bedb01eb40f387db82373f1ac0418, 8076a4cabb7b132d950c8f490bd7bfa038361c8310b2c20411986051297e380e, 80a2fe0e5e2570c6681346c2c9bb9ec8144d948e4f892535791a33f7dc718907
808ee68657d7b72edfbf25f4459b08dc4ad4fa466eec18c9ca6f6c919acc28fc, 80c7bc27d05fd259bacf7679331f423174fefd98dd92feb5dc5cf78022eab9de, 807e5915118f1b9e14f9028d9c1c50093802dd709c948d7c4f01a2b3cfead46f, 80ae79c4afdf99838550e3400eacfc5da39fbfc01468983f453b643e0dd3a4f5, 80881280b0a8a6cea711947facff9a53f09c6fbe0372548af16780aef30cfbd5, 807e57e83557a11cfecb87e4f0fb98aa622da9979ca2e1065cf83911bb4d01e8, 802ed0a85bdeb87887b0f720d6323446cb3c06e7a70b7801bb28b52a7a7e7116, 8022256b784037950487b5e69d73c4a18e03aeaa1de20d01f066af4da1942b5f, 8076a4cabb7b132d950c8f490bd7bfa038361c8310b2c20411986051297e380e
8034eaf74ef68936e8860a5f1c8a13f5b34b93f582bc567090df25a3892b67b5, 80520e6eedbe6a2ac52d722f194755b745cc204234522b136e8297dabadbedd0, 80d299b935b8b6635f1011feeb15478b95ba994876e2d1394a01340c91d5efa7, 8022256b784037950487b5e69d73c4a18e03aeaa1de20d01f066af4da1942b5f, 80a2fe0e5e2570c6681346c2c9bb9ec8144d948e4f892535791a33f7dc718907, 805d4281ba592ee6adb146f3779372b7705d2812eab98805efd1f55be12361d0, 80d0cb23367587b2bc8bcd4830c332b065407b61eb604e9c097fed31e83ec2e3, 80537c8c1d781d17eec7d2f0594ec85403a9dce0e874488e311c8718dbd5d8d0, 80d3829493cf3dac158362e384e58769fcf0ae160823f7db06eab6d3a816ab04
